	0
0	cg18561976
1	cg01837846
2	cg23510258
3	cg00636527
4	cg26477856
5	cg09101941
6	cg01154283
7	cg17547295
8	cg24163242
9	cg15744128
10	cg19980260
11	cg19869443
12	cg09046309
13	cg18554789
14	cg11001581
15	cg00791854
16	cg16177481
17	cg05873568
18	cg02049210
19	cg22697239
20	cg04912316
21	cg21848117
22	cg19849557
23	cg18150280
24	cg07577824
25	cg09717585
26	cg05955436
27	cg27653384
28	cg00536939
29	cg08836542
30	cg25784219
31	cg01564818
32	cg04776231
33	cg20317872
34	cg15229994
35	cg07244095
36	cg11316131
37	cg07167594
38	cg14602530
39	cg09781994
40	cg14872952
41	cg27570249
42	cg05401764
43	cg12378888
44	cg01529365
45	cg03458172
46	cg09222422
47	cg10024909
48	cg21077684
49	cg09095222
50	cg09339763
51	cg06829366
52	cg03113878
53	cg24525457
54	cg03468671
55	cg05802478
56	cg03717588
57	cg15001131
58	cg05127821
59	cg10383447
60	cg00585901
61	cg22122410
62	cg11930955
63	cg21450547
64	cg07986385
65	cg23520422
66	cg11658419
67	cg09253696
68	cg08047482
69	cg07470314
70	cg11429292
71	cg06237216
72	cg19748495
73	cg01943873
74	cg12103475
75	cg02535219
76	cg10406027
77	cg01100796
78	cg02527346
79	cg19378631
80	cg27424995
81	cg24442740
82	cg05520031
83	cg13357602
84	cg13607248
85	cg03268893
86	cg23643435
87	cg27043010
88	cg05604112
89	cg08635931
90	cg11501931
91	cg24281668
92	cg26014884
93	cg15201417
94	cg21686890
95	cg22074576
96	cg24235581
97	cg02878439
98	cg23357130
99	cg16256390
100	cg06970884
101	cg00008647
102	cg06528575
103	cg16357921
104	cg01823541
105	cg26991761
106	cg08662757
107	cg22632840
108	cg25753024
109	cg13650938
110	cg22285621
111	cg02135077
112	cg18787975
113	cg22365167
114	cg01827726
115	cg02330500
116	cg03800922
117	cg05157251
118	cg16688112
119	cg22178392
120	cg08462055
121	cg22153728
122	cg02366772
123	cg22518157
124	cg16068833
125	cg20792833
126	cg25693349
127	cg05348871
128	cg11381564
129	cg18128887
130	cg17177006
131	cg11977716
132	cg18923906
133	cg08097359
134	cg27040700
135	cg18081760
136	cg08560387
137	cg27166718
138	cg02787737
139	cg05918327
140	cg10104480
141	cg13693517
142	cg04387347
143	cg05517541
144	cg16597079
145	cg03263730
146	cg22513455
147	cg13924510
148	cg12131620
149	cg15722438
150	cg01483139
151	cg02434314
152	cg08241477
153	cg26586893
154	cg13821008
155	cg02695343
156	cg23756173
157	cg04911139
158	cg16911583
159	cg17213699
160	cg04541368
161	cg19872463
162	cg21012737
163	cg03436397
164	cg11176159
165	cg25384897
166	cg06613515
167	cg13941760
168	cg09902130
169	cg17605084
170	cg16927606
171	cg24497819
172	cg15698795
173	cg08040471
174	cg22595391
175	cg25671438
176	cg10402417
177	cg07498879
178	cg11791526
179	cg20333292
180	cg11781335
181	cg06853339
182	cg03297901
183	cg10542975
184	cg07884764
185	cg11860434
186	cg02874908
187	cg14145194
188	cg19136673
189	cg19743891
190	cg21249754
191	cg08480068
192	cg03272225
193	cg26769927
194	cg13415831
195	cg00903584
196	cg05387269
197	cg25739715
198	cg09866569
199	cg08055663
200	cg19749538
201	cg25666403
202	cg02026204
203	cg06787669
204	cg05596756
205	cg27215100
206	cg26427109
207	cg16509569
208	cg21376733
209	cg24749672
210	cg19021985
211	cg26232412
212	cg25574765
213	cg08075204
214	cg14556909
215	cg10673833
216	cg12229555
217	cg17127769
218	cg05697726
219	cg12253437
220	cg13165140
221	cg16411361
222	cg05614346
223	cg21311067
224	cg14519350
225	cg14189583
226	cg23229016
227	cg03459656
228	cg01903374
229	cg17207512
230	cg01456691
231	cg06380123
232	cg12527995
233	cg18610205
234	cg06183267
235	cg07349094
236	cg11748354
237	cg27482619
238	cg11804789
239	cg26363363
240	cg00702417
241	cg27125093
242	cg12269161
243	cg19252956
244	cg18384097
245	cg13399952
246	cg26112797
247	cg26357596
248	cg12353452
249	cg04785083
250	cg10530767
251	cg27284288
252	cg11802899
253	cg11733245
254	cg23612220
255	cg07530063
256	cg14088196
257	cg02358862
258	cg25765104
259	cg02794695
260	cg09354037
261	cg11721464
262	cg21188037
263	cg14424070
264	cg07380416
265	cg15046675
266	cg06064964
267	cg07946977
268	cg09153080
269	cg11779113
270	cg15035133
271	cg26866325
272	cg09450197
273	cg14999168
274	cg16472369
275	cg20783697
276	cg00442389
277	cg09264140
278	cg17122157
279	cg00015530
280	cg10590292
281	cg19233405
282	cg04602992
283	cg00759427
284	cg24690709
285	cg23954655
286	cg00324097
287	cg02855778
288	cg02962602
289	cg08354216
290	cg12792931
291	cg24492119
292	cg02896705
293	cg03216991
294	cg16931076
295	cg19628934
296	cg02493211
297	cg17942763
298	cg23221013
299	cg21549011
300	cg13495693
301	cg06000530
302	cg25359645
303	cg24975842
304	cg04975775
305	cg15682717
306	cg01785706
307	cg21959598
308	cg06012804
309	cg11975790
310	cg09221159
311	cg13798679
312	cg19126910
313	cg10400081
314	cg02029841
315	cg12044828
316	cg05109049
317	cg20583073
318	cg07682037
319	cg16321975
320	cg27121758
321	cg11550234
322	cg19867107
323	cg00242035
324	cg16119522
325	cg08251901
326	cg01798375
327	cg04675502
328	cg02282833
329	cg15346830
330	cg02996471
331	cg26683005
332	cg26680502
333	cg00880290
334	cg13912307
335	cg10511890
336	cg02716776
337	cg27377213
338	cg02111655
339	cg07420137
340	cg20695297
341	cg00302479
342	cg06340367
343	cg01447914
344	cg04859102
345	cg07549381
346	cg06393830
347	cg00141162
348	cg24088438
349	cg23206032
350	cg04943368
351	cg11854392
352	cg13488570
353	cg24368383
354	cg02737619
355	cg00268086
356	cg19919590
357	cg02556655
358	cg20685713
359	cg14219124
360	cg18661379
361	cg21928095
362	cg13512987
363	cg25045219
364	cg01372366
365	cg17448192
366	cg26878947
367	cg25394505
368	cg10099758
369	cg13468685
370	cg11467506
371	cg13695076
372	cg21099332
373	cg09763644
374	cg09853238
375	cg09856467
376	cg11803771
377	cg13716585
378	cg11525052
379	cg25598890
380	cg25110523
381	cg00058449
382	cg13924996
383	cg17855595
384	cg01739167
385	cg04875514
386	cg22090713
387	cg03634833
388	cg10126923
389	cg16571794
390	cg06575692
391	cg11254522
392	cg22044669
393	cg11645762
394	cg18833928
395	cg21121843
396	cg06449334
397	cg26986871
398	cg08169020
399	cg12897164
400	cg23102014
401	cg04070601
402	cg07165260
403	cg26607258
404	cg27583604
405	cg13989999
406	cg15270353
407	cg02343604
408	cg11895835
409	cg13829419
410	cg15564619
411	cg17146738
412	cg17824906
413	cg17824540
414	cg06401414
415	cg05007549
416	cg16151960
417	cg00501876
418	cg00733115
419	cg19483007
420	cg09043214
421	cg24032269
422	cg06791979
423	cg23752651
424	cg02963266
425	cg24441810
426	cg11798182
427	cg16062483
428	cg07545925
429	cg17477578
430	cg26752663
431	cg04131890
432	cg07406498
433	cg15997393
434	cg13920260
435	cg04688815
436	cg11162888
437	cg16230121
438	cg21845390
439	cg05070273
440	cg06329392
441	cg22488891
442	cg14150115
443	cg16662477
444	cg20380468
445	cg22437221
446	cg15536947
447	cg07669182
448	cg15756507
449	cg27054084
450	cg07375256
451	cg20451986
452	cg24490227
453	cg27049094
454	cg20338754
455	cg25420477
456	cg23567690
457	cg26576544
458	cg16871561
459	cg23907260
460	cg22505006
461	cg24955196
462	cg12491115
463	cg04469731
464	cg27437304
465	cg08284993
466	cg24743301
467	cg23896695
468	cg00440980
469	cg18154117
470	cg26056277
471	cg19869422
472	cg10934870
473	cg24737761
474	cg00147751
475	cg10475153
476	cg07048504
477	cg04990420
478	cg04630823
479	cg16552271
480	cg27508545
481	cg13272780
482	cg04275506
483	cg26899005
484	cg18982286
485	cg16411445
486	cg10864794
487	cg25517015
488	cg23338668
489	cg12654199
490	cg22386583
491	cg25364972
492	cg26433561
493	cg23007087
494	cg07377178
495	cg00446046
496	cg08287940
497	cg11067179
498	cg06419846
499	cg20367218
500	cg07802362
501	cg08373573
502	cg01871829
503	cg07741192
504	cg03118200
505	cg23519572
506	cg20625588
507	cg03470939
508	cg20690695
509	cg07592519
510	cg13042918
511	cg12309817
512	cg22840650
513	cg10313625
514	cg03703733
515	cg26558862
516	cg14698794
517	cg07132223
518	cg04542290
519	cg14447077
520	cg26846476
521	cg23541811
522	cg21286117
523	cg23910340
524	cg13597564
525	cg14196998
526	cg08904630
527	cg03870033
528	cg16102778
529	cg02047646
530	cg05986684
531	cg10562198
532	cg09014716
533	cg09388489
534	cg17477273
535	cg21159940
536	cg00711795
537	cg11840035
538	cg00144180
539	cg17820878
540	cg17679619
541	cg00226923
542	cg27627493
543	cg20666585
544	cg06372779
545	cg26795340
546	cg17382048
547	cg13300580
548	cg23580725
549	cg11236515
550	cg14522718
551	cg19001909
552	cg03388043
553	cg21773646
554	cg25226014
555	cg17615629
556	cg06110802
557	cg01666652
558	cg13788827
559	cg11753157
560	cg13750061
561	cg24612198
562	cg24841244
563	cg19994968
564	cg27111890
565	cg07728874
566	cg25643644
567	cg07630255
568	cg12032198
569	cg21917349
570	cg25211348
571	cg14506192
572	cg10977115
573	cg14094409
574	cg22999502
575	cg02324835
576	cg04759756
577	cg08777095
578	cg20105257
579	cg27316811
580	cg04183425
581	cg23001918
582	cg14518276
583	cg15345437
584	cg20042612
585	cg26757673
586	cg02340818
587	cg09372617
588	cg09834503
589	cg11893955
590	cg27027055
591	cg14957089
592	cg15375424
593	cg17587997
594	cg09621572
595	cg14437551
596	cg14597739
597	cg21999229
598	cg16219283
599	cg17169196
600	cg04722215
601	cg25140783
602	cg01519464
603	cg26360197
604	cg14030719
605	cg15519096
606	cg10476003
607	cg02402436
608	cg12810837
609	cg20171453
610	cg17709873
611	cg20086579
612	cg13815684
613	cg16280132
614	cg26348243
615	cg24216966
616	cg17078393
617	cg25919221
618	cg00697658
619	cg01772743
620	cg03727968
621	cg07573020
622	cg03074244
623	cg15880738
624	cg10505658
625	cg13104880
626	cg03427191
627	cg05600342
628	cg20157577
629	cg20186396
630	cg09569347
631	cg10715905
632	cg25225693
633	cg02374486
634	cg12433559
635	cg03341377
636	cg10802680
637	cg12927730
638	cg13955347
639	cg19529732
640	cg11804414
641	cg21805118
642	cg16374333
643	cg25155064
644	cg23042151
645	cg02600394
646	cg20981615
647	cg07499142
648	cg06491415
649	cg13036546
650	cg06983746
651	cg16727006
652	cg23074881
653	cg00467547
654	cg09453312
655	cg11683242
656	cg12141056
657	cg21737421
658	cg09234252
659	cg17984638
660	cg08450017
661	cg07786657
662	cg09032544
663	cg09088496
664	cg17896808
665	cg20267828
666	cg26137915
667	cg16039157
668	cg16093065
669	cg23825480
670	cg09354050
671	cg27280688
672	cg03016153
673	cg08109681
674	cg12172478
675	cg15344028
676	cg18349022
677	cg06958535
678	cg12033075
679	cg05183538
680	cg03776194
681	cg12111137
682	cg27513667
683	cg13790259
684	cg22963164
685	cg06713373
686	cg05356511
687	cg12956598
688	cg07729082
689	cg12338690
690	cg04125962
691	cg19605931
692	cg15636859
693	cg00619505
694	cg03710860
695	cg08229905
696	cg21238254
697	cg04195000
698	cg05593759
699	cg00054352
700	cg12011479
701	cg05355684
702	cg14907310
703	cg19563355
704	cg20671613
705	cg09363243
706	cg13240704
707	cg10206039
708	cg01144218
709	cg01416168
710	cg00594167
711	cg10076395
712	cg08503994
713	cg25974922
714	cg04467549
715	cg18560571
716	cg15208672
717	cg06778024
718	cg24604214
719	cg12194055
720	cg11850861
721	cg21522289
722	cg02304134
723	cg14380635
724	cg07242214
725	cg16529229
726	cg01500140
727	cg25892537
728	cg01557260
729	cg22900360
730	cg07267067
731	cg25522181
732	cg14586546
733	cg07906726
734	cg08087047
735	cg27445883
736	cg18293555
737	cg26354221
738	cg21164741
739	cg24908166
740	cg20383347
741	cg22556056
742	cg14171188
743	cg17851021
744	cg04628014
745	cg08876085
746	cg18720736
747	cg03686455
748	cg15245292
749	cg14531564
750	cg19578864
751	cg10248985
752	cg11019014
753	cg22787191
754	cg14209244
755	cg14717906
756	cg01066494
757	cg02790372
758	cg06809364
759	cg01646516
760	cg25189608
761	cg07499259
762	cg15260951
763	cg02749356
764	cg08884343
765	cg03280299
766	cg00360798
767	cg12424293
768	cg01109047
769	cg02073271
770	cg05501327
771	cg08404702
772	cg00345343
773	cg08445080
774	cg27264018
775	cg17164827
776	cg19949530
777	cg20418308
778	cg22875391
779	cg18764192
780	cg05913271
781	cg00099519
782	cg06312132
783	cg06026375
784	cg03833097
785	cg13566181
786	cg04434994
787	cg22145318
788	cg22360028
789	cg07563725
790	cg08562111
791	cg06649639
792	cg24548265
793	cg06330431
794	cg13011976
795	cg06739462
796	cg04616529
797	cg07698591
798	cg02324006
799	cg25636159
800	cg13617280
801	cg03538296
802	cg05875239
803	cg03208044
804	cg10117603
805	cg03032253
806	cg22715788
807	cg02407068
808	cg12332083
809	cg08510934
810	cg09061454
811	cg24430034
812	cg23015664
813	cg26573274
814	cg18973586
815	cg25470384
816	cg04392554
817	cg12226453
818	cg21828319
819	cg00259518
820	cg14159576
821	cg16778018
822	cg14026109
823	cg16316183
824	cg09278623
825	cg19795996
826	cg02400146
827	cg17767931
828	cg07873128
829	cg18342814
830	cg19915997
831	cg05253716
832	cg11277156
833	cg22326973
834	cg10917426
835	cg08975528
836	cg16463880
837	cg26070757
838	cg00459243
839	cg06636203
840	cg26954951
841	cg00093433
842	cg05927789
843	cg08428292
844	cg10274029
845	cg27420674
846	cg08783514
847	cg22324981
848	cg04911180
849	cg24157392
850	cg08059719
851	cg15518883
852	cg01042641
853	cg11257888
854	cg13876315
855	cg02014777
856	cg17736671
857	cg03758972
858	cg02685484
859	cg03559915
860	cg05070250
861	cg00078245
862	cg05392293
863	cg09675895
864	cg23468927
865	cg14214797
866	cg16408081
867	cg12044599
868	cg17220933
869	cg05949181
870	cg17850055
871	cg17250770
872	cg14027204
873	cg15937641
874	cg24223075
875	cg22202088
876	cg20626983
877	cg26207239
878	cg05262463
879	cg07101781
880	cg00391031
881	cg00252934
882	cg08917117
883	cg05074138
884	cg16173109
885	cg02661764
886	cg01874152
887	cg16193207
888	cg21224730
889	cg22135566
890	cg22277485
891	cg02923224
892	cg00376816
893	cg26720010
894	cg12500949
895	cg13451886
896	cg20832875
897	cg01437221
898	cg18650518
899	cg16589461
900	cg27519392
901	cg10266904
902	cg18399834
903	cg00045114
904	cg06935361
905	cg02423817
906	cg15128876
907	cg13500819
908	cg23013137
909	cg02352716
910	cg12673499
911	cg05356800
912	cg07781197
913	cg16128096
914	cg12044210
915	cg24635112
916	cg01161042
917	cg12811871
918	cg24231380
919	cg07590102
920	cg11349093
921	cg08471335
922	cg23346237
923	cg10585941
924	cg25248278
925	cg17818435
926	cg23851932
927	cg09123760
928	cg00503447
929	cg10531986
930	cg05757530
931	cg16071091
932	cg13863076
933	cg26789698
934	cg05861291
935	cg06825478
936	cg08373904
937	cg22930549
938	cg26164712
939	cg16280667
940	cg25087423
941	cg14136042
942	cg04613057
943	cg06555661
944	cg14965064
945	cg05051734
946	cg15533809
947	cg00852675
948	cg05143092
949	cg08251036
950	cg05943554
951	cg18445426
952	cg08595490
953	cg17233517
954	cg26053795
955	cg06800849
956	cg20908276
957	cg02484343
958	cg22432760
959	cg11422964
960	cg14507658
961	cg22752886
962	cg05849013
963	cg20943353
964	cg07493874
965	cg10067737
966	cg13325231
967	cg03382805
968	cg03969079
969	cg10854528
970	cg01199327
971	cg09437994
972	cg17988326
973	cg21197594
974	cg12240358
975	cg24137448
976	cg00567930
977	cg06893560
978	cg08266286
979	cg19627549
980	cg11525252
981	cg14085952
982	cg08511818
983	cg13127825
984	cg25013586
985	cg18369990
986	cg18512780
987	cg00355656
988	cg18124517
989	cg01782486
990	cg07133479
991	cg18835815
992	cg12047375
993	cg26091609
994	cg03363904
995	cg25783892
996	cg05677133
997	cg06357908
998	cg12015615
999	cg19139618
1000	cg17799760
1001	cg25104613
1002	cg07019638
1003	cg12274524
1004	cg21565496
1005	cg12644845
1006	cg01768001
1007	cg07110949
1008	cg01154505
1009	cg12297231
1010	cg24462702
1011	cg19246654
1012	cg18384277
1013	cg26848442
1014	cg00052964
1015	cg08486432
1016	cg15009294
1017	cg24885723
1018	cg25673720
1019	cg20558320
1020	cg12067421
1021	cg27381549
1022	cg06771839
1023	cg12655059
1024	cg04038246
1025	cg26056577
1026	cg05424831
1027	cg01525879
1028	cg07930752
1029	cg14136214
1030	cg13909826
1031	cg19449626
1032	cg01096487
1033	cg01167323
1034	cg27510001
1035	cg22822867
1036	cg25830379
1037	cg05044173
1038	cg21695395
1039	cg06226386
1040	cg11944101
1041	cg21302055
1042	cg15252509
1043	cg04573845
1044	cg16319310
1045	cg14378925
1046	cg04314225
1047	cg16235995
1048	cg07399395
1049	cg15817482
1050	cg03910874
1051	cg27209072
1052	cg00334274
1053	cg27618792
1054	cg11876705
1055	cg21769820
1056	cg14548264
1057	cg17900199
1058	cg19421218
1059	cg03444838
1060	cg03464224
1061	cg13590228
1062	cg20750319
1063	cg02556155
1064	cg15253304
1065	cg16265932
1066	cg01012572
1067	cg11786338
1068	cg13408605
1069	cg21179654
1070	cg19456938
1071	cg20832020
1072	cg09046399
1073	cg13669740
1074	cg13868356
1075	cg00177237
1076	cg24064224
1077	cg12800105
1078	cg04724177
1079	cg02033323
1080	cg07793163
1081	cg27450867
1082	cg25537119
1083	cg25795774
1084	cg25939861
1085	cg00219921
1086	cg18174654
1087	cg09654116
1088	cg25350872
1089	cg04329870
1090	cg18857618
1091	cg03318654
1092	cg16681873
1093	cg04274340
1094	cg10365743
1095	cg20652042
1096	cg25861453
1097	cg27628849
1098	cg14734916
1099	cg21719817
1100	cg13077316
1101	cg05327844
1102	cg15482928
1103	cg02956499
1104	cg18714086
1105	cg12128589
1106	cg09164206
1107	cg00556515
1108	cg04603811
1109	cg09788778
1110	cg01850135
1111	cg07523470
1112	cg05595469
1113	cg22217449
1114	cg18724912
1115	cg00805874
1116	cg15451980
1117	cg06202778
1118	cg27309871
1119	cg21333217
1120	cg11637084
1121	cg25383568
1122	cg11978441
1123	cg08985282
1124	cg18310515
1125	cg02902412
1126	cg13587802
1127	cg22488278
1128	cg02240030
1129	cg21619637
1130	cg03708221
1131	cg08415156
1132	cg16203210
1133	cg06897661
1134	cg23598378
1135	cg13681468
1136	cg01439631
1137	cg19906672
1138	cg06994787
1139	cg14538319
1140	cg22678398
1141	cg08842021
1142	cg04153882
1143	cg14331899
1144	cg04838847
1145	cg21248060
1146	cg13738327
1147	cg04828493
1148	cg02665297
1149	cg07721872
1150	cg25683989
1151	cg02742418
1152	cg17995557
1153	cg09469986
1154	cg17232476
1155	cg06889975
1156	cg14936008
1157	cg05579731
1158	cg23683962
1159	cg17304531
1160	cg04289069
1161	cg24777505
1162	cg17622855
1163	cg26318872
1164	cg11199827
1165	cg16085171
1166	cg18495884
1167	cg23730277
1168	cg21596498
1169	cg19861842
1170	cg08961187
1171	cg13823257
1172	cg17123327
1173	cg22498365
1174	cg04576021
1175	cg18067520
1176	cg11160673
1177	cg14579184
1178	cg02231062
1179	cg15241519
1180	cg14283140
1181	cg16396223
1182	cg03324175
1183	cg02095334
1184	cg06288355
1185	cg21373806
1186	cg02092514
1187	cg00464927
1188	cg11699517
1189	cg00709979
1190	cg13584784
1191	cg19755815
1192	cg17774764
1193	cg01502320
1194	cg15121304
1195	cg17229371
1196	cg25268422
1197	cg02585724
1198	cg20510988
1199	cg02087075
1200	cg20682376
1201	cg05978527
1202	cg13400493
1203	cg18169610
1204	cg18072687
1205	cg03873826
1206	cg25589371
1207	cg09019347
1208	cg27300619
1209	cg09132102
1210	cg07979271
1211	cg15367000
1212	cg16995959
1213	cg25708790
1214	cg27383859
1215	cg18264210
1216	cg27510257
1217	cg18933943
1218	cg27253454
1219	cg03922146
1220	cg09997532
1221	cg10278046
1222	cg04346861
1223	cg07652788
1224	cg27224881
1225	cg22685009
1226	cg00511027
1227	cg04593460
1228	cg11606444
1229	cg20114528
1230	cg16711650
1231	cg03747456
1232	cg10181820
1233	cg21645089
1234	cg16636767
1235	cg20641531
1236	cg01058360
1237	cg22387323
1238	cg03155200
1239	cg25576997
1240	cg04605532
1241	cg23275644
1242	cg08110693
1243	cg22623649
1244	cg10440877
1245	cg13895650
1246	cg05265081
1247	cg07053114
1248	cg11638399
1249	cg23528247
1250	cg19746186
1251	cg22544881
1252	cg18563860
1253	cg04411201
1254	cg10453850
1255	cg22581364
1256	cg11953794
1257	cg18571045
1258	cg20071624
1259	cg15621731
1260	cg10009801
1261	cg21500909
1262	cg10376161
1263	cg22742001
1264	cg01925950
1265	cg08545593
1266	cg04051365
1267	cg05507566
1268	cg27175380
1269	cg07337602
1270	cg18050634
1271	cg26923863
1272	cg06177555
1273	cg18739675
1274	cg08999812
1275	cg20357538
1276	cg04682193
1277	cg08165960
1278	cg12836863
1279	cg01821022
1280	cg08400494
1281	cg11597902
1282	cg11327657
1283	cg00828556
1284	cg22528270
1285	cg20429104
1286	cg20609803
1287	cg21519701
1288	cg04592811
1289	cg00343906
1290	cg14268557
1291	cg12645852
1292	cg02607972
1293	cg15235987
1294	cg18351781
1295	cg10456459
1296	cg13980609
1297	cg06030535
1298	cg06373940
1299	cg00453717
1300	cg01440934
1301	cg16378063
1302	cg18278694
1303	cg24941342
1304	cg01479396
1305	cg11180667
1306	cg16786178
1307	cg18915856
1308	cg24211388
1309	cg02769705
1310	cg25389087
1311	cg14584535
1312	cg24637417
1313	cg19573490
1314	cg25505880
1315	cg02806156
1316	cg00832329
1317	cg06298740
1318	cg24475517
1319	cg18805457
1320	cg25344401
1321	cg00859441
1322	cg21893651
1323	cg04350202
1324	cg15075988
1325	cg01742370
1326	cg14345154
1327	cg20544852
1328	cg11557901
1329	cg01323964
1330	cg12678686
1331	cg23807570
1332	cg04784315
1333	cg06449094
1334	cg07033722
1335	cg05314350
1336	cg25025545
1337	cg27123392
1338	cg14516183
1339	cg20107506
1340	cg20661985
1341	cg18568335
1342	cg20673721
1343	cg22252999
1344	cg01211396
1345	cg15015109
1346	cg17833106
1347	cg20794855
1348	cg06739107
1349	cg21492378
1350	cg22094071
1351	cg15248035
1352	cg17494897
1353	cg24496021
1354	cg12019801
1355	cg04493247
1356	cg09379497
1357	cg26696162
1358	cg08351131
1359	cg16684117
1360	cg02889973
1361	cg17889831
1362	cg14654385
1363	cg27372422
1364	cg21696012
1365	cg12339328
1366	cg02796279
1367	cg00259404
1368	cg26298914
1369	cg11186858
1370	cg20610950
1371	cg04326337
1372	cg08289839
1373	cg06895124
1374	cg12298872
1375	cg27588384
1376	cg13241751
1377	cg12423658
1378	cg24197477
1379	cg05613718
1380	cg00335124
1381	cg05486872
1382	cg07633835
1383	cg04920616
1384	cg24603969
1385	cg23196129
1386	cg08959230
1387	cg13585029
1388	cg23055674
1389	cg06756385
1390	cg14975122
1391	cg25009141
1392	cg26542091
1393	cg08742095
1394	cg23090159
1395	cg09147065
1396	cg11601967
1397	cg15082870
1398	cg09766547
1399	cg23709535
1400	cg01676795
1401	cg13466180
1402	cg00421164
1403	cg24422489
1404	cg21346154
1405	cg23060513
1406	cg19851574
1407	cg18468726
1408	cg20761853
1409	cg22945457
1410	cg20836212
1411	cg23990557
1412	cg00671126
1413	cg25643253
1414	cg00290355
1415	cg26538164
1416	cg17476951
1417	cg17983957
1418	cg23983783
1419	cg19993680
1420	cg07641926
1421	cg16905822
1422	cg01004980
1423	cg27470978
1424	cg02803925
1425	cg11183227
1426	cg16737869
1427	cg21575634
1428	cg25843927
1429	cg08086385
1430	cg16050349
1431	cg10387956
1432	cg11668148
1433	cg02359181
1434	cg23516680
1435	cg16908552
1436	cg00638845
1437	cg13482814
1438	cg06725287
1439	cg25203627
1440	cg01901579
1441	cg17558547
1442	cg07828169
1443	cg13233042
1444	cg01877260
1445	cg02007259
1446	cg16756949
1447	cg02711899
1448	cg01953317
1449	cg09797433
1450	cg06595153
1451	cg07050712
1452	cg07098502
1453	cg03782778
1454	cg08480774
1455	cg18201630
1456	cg12555233
1457	cg17918090
1458	cg23385838
1459	cg07271869
1460	cg22097171
1461	cg08698580
1462	cg26358659
1463	cg03916364
1464	cg24343524
1465	cg11399195
1466	cg26549114
1467	cg18593727
1468	cg14320120
1469	cg17233452
1470	cg24028828
1471	cg18367220
1472	cg12643917
1473	cg00590152
1474	cg05184016
1475	cg04255937
1476	cg17343451
1477	cg19619585
1478	cg17925084
1479	cg22051370
1480	cg21067963
1481	cg18550847
1482	cg18772573
1483	cg21932513
1484	cg11166303
1485	cg13610659
1486	cg18136895
1487	cg14615927
1488	cg17285931
1489	cg25199005
1490	cg02639080
1491	cg03381359
1492	cg17932662
1493	cg16374656
1494	cg22840076
1495	cg20348000
1496	cg00154119
1497	cg15709265
1498	cg15609237
1499	cg06706813
1500	cg04943741
1501	cg07905808
1502	cg21792134
1503	cg10133935
1504	cg19047804
1505	cg20203469
1506	cg14547461
1507	cg06724236
1508	cg08195176
1509	cg11327408
1510	cg04425551
1511	cg09020199
1512	cg21005412
1513	cg13079571
1514	cg08078028
1515	cg14066298
1516	cg17080697
1517	cg16802439
1518	cg02722672
1519	cg17572056
1520	cg15251256
1521	cg16805291
1522	cg10342963
1523	cg19513582
1524	cg12483340
1525	cg08253808
1526	cg22381196
1527	cg25006077
1528	cg00705730
1529	cg19037107
1530	cg05398700
1531	cg25739938
1532	cg10408731
1533	cg12709880
1534	cg21762728
1535	cg06526020
1536	cg15010903
1537	cg18812353
1538	cg17010895
1539	cg26647135
1540	cg03094134
1541	cg03820688
1542	cg12285640
1543	cg09859659
1544	cg21685770
1545	cg00084577
1546	cg17852482
1547	cg01692842
1548	cg07790752
1549	cg14333394
1550	cg02411995
1551	cg04079215
1552	cg14224600
1553	cg10020520
1554	cg22662844
1555	cg06122230
1556	cg08947915
1557	cg08842616
1558	cg12614630
1559	cg02319986
1560	cg22637435
1561	cg02135245
1562	cg13844341
1563	cg08670658
1564	cg17344770
1565	cg12115800
1566	cg14774440
1567	cg05554494
1568	cg09187107
1569	cg17056618
1570	cg15288326
1571	cg20100151
1572	cg01441127
1573	cg10357682
1574	cg16660547
1575	cg16702362
1576	cg07477602
1577	cg02185182
1578	cg11054816
1579	cg24431966
1580	cg17285177
1581	cg09865593
1582	cg24894783
1583	cg00027232
1584	cg03152353
1585	cg12570429
1586	cg16158027
1587	cg13742400
1588	cg13984330
1589	cg05971678
1590	cg26514623
1591	cg19677302
1592	cg07333021
1593	cg24514600
1594	cg18242288
1595	cg05418105
1596	cg07052231
1597	cg17086773
1598	cg19502671
1599	cg04266202
1600	cg05583921
1601	cg16998950
1602	cg12122241
1603	cg01752594
1604	cg10471548
1605	cg14786790
1606	cg07110356
1607	cg23363263
1608	cg01243312
1609	cg05098037
1610	cg19557110
1611	cg01952989
1612	cg11222173
1613	cg24876035
1614	cg11376341
1615	cg18619616
1616	cg07804973
1617	cg08796240
1618	cg10118456
1619	cg14514483
1620	cg26877077
1621	cg02827175
1622	cg01672042
1623	cg14852276
1624	cg17132148
1625	cg06978145
1626	cg27456487
1627	cg17115737
1628	cg19947621
1629	cg06671710
1630	cg02368812
1631	cg11153071
1632	cg17723958
1633	cg09978734
1634	cg14198450
1635	cg07026910
1636	cg26786893
1637	cg14176339
1638	cg00935108
1639	cg01894508
1640	cg04885396
1641	cg04848957
1642	cg08264507
1643	cg10401017
1644	cg21470541
1645	cg05538887
1646	cg10095247
1647	cg19991780
1648	cg24560920
1649	cg13165240
1650	cg09066963
1651	cg09245003
1652	cg26992566
1653	cg01309569
1654	cg20511966
1655	cg14249174
1656	cg13085627
1657	cg03370752
1658	cg08973191
1659	cg16102040
1660	cg08796391
1661	cg18892446
1662	cg14343513
1663	cg18424841
1664	cg13468144
1665	cg25600606
1666	cg13618969
1667	cg25693317
1668	cg24131359
1669	cg04036920
1670	cg19259111
1671	cg07319315
1672	cg17331920
1673	cg15029631
1674	cg13633625
1675	cg16125725
1676	cg01923724
1677	cg07467649
1678	cg00391741
1679	cg15520845
1680	cg01040749
1681	cg18934187
1682	cg21426759
1683	cg09948350
1684	cg07143462
1685	cg26250129
1686	cg26227957
1687	cg21234053
1688	cg08106108
1689	cg11900393
1690	cg01383911
1691	cg05740567
1692	cg10647833
1693	cg18169971
1694	cg07875215
1695	cg16679543
1696	cg16291589
1697	cg13640297
1698	cg02054108
1699	cg14249520
1700	cg09166556
1701	cg10679266
1702	cg14140379
1703	cg25338454
1704	cg11826104
1705	cg15644413
1706	cg12547959
1707	cg09694051
1708	cg16577665
1709	cg14482093
1710	cg19991458
1711	cg10309354
1712	cg25545598
1713	cg07793905
1714	cg09266087
1715	cg04792034
1716	cg10148419
1717	cg06864391
1718	cg23082393
1719	cg16763401
1720	cg22969108
1721	cg24491704
1722	cg16516490
1723	cg22684370
1724	cg06357685
1725	cg06982745
1726	cg21167335
1727	cg16363708
1728	cg16415819
1729	cg22892373
1730	cg00699947
1731	cg22777467
1732	cg18966152
1733	cg07740894
1734	cg11818555
1735	cg11760099
1736	cg16593865
1737	cg07881496
1738	cg07734358
1739	cg08133699
1740	cg06580014
1741	cg05721189
1742	cg10127375
1743	cg02206807
1744	cg20778600
1745	cg19199590
1746	cg20048045
1747	cg26227248
1748	cg22182287
1749	cg10027723
1750	cg14024937
1751	cg04695796
1752	cg04940695
1753	cg13586696
1754	cg18292711
1755	cg23720395
1756	cg26880525
1757	cg10068793
1758	cg19536781
1759	cg21451309
1760	cg04340114
1761	cg22550815
1762	cg04147497
1763	cg19938436
1764	cg21885317
1765	cg04689606
1766	cg05529278
1767	cg02959939
1768	cg03539204
1769	cg18108818
1770	cg06941156
1771	cg24297509
1772	cg01585348
1773	cg05483776
1774	cg10820084
1775	cg01782668
1776	cg19951297
1777	cg10294853
1778	cg21266845
1779	cg21985691
1780	cg14871010
1781	cg21840908
1782	cg25585967
1783	cg27648270
1784	cg05957190
1785	cg27648216
1786	cg02312706
1787	cg26174807
1788	cg12525219
1789	cg19122260
1790	cg19923393
1791	cg16371477
1792	cg04863197
1793	cg25439798
1794	cg07911905
1795	cg25735490
1796	cg26081974
1797	cg03512098
1798	cg10418626
1799	cg18921306
1800	cg11615029
1801	cg16581738
1802	cg07425646
1803	cg23070380
1804	cg05715751
1805	cg22001208
1806	cg08423507
1807	cg14854287
1808	cg16514513
1809	cg10862567
1810	cg18167466
1811	cg03307103
1812	cg18003231
1813	cg11993636
1814	cg10418812
1815	cg16400350
1816	cg17848496
1817	cg00081799
1818	cg07459019
1819	cg10824582
1820	cg27102649
1821	cg08932533
1822	cg27128883
1823	cg00786138
1824	cg01877778
1825	cg13543473
1826	cg06840801
1827	cg16000989
1828	cg17724627
1829	cg20293609
1830	cg00995807
1831	cg21496803
1832	cg06421238
1833	cg19640303
1834	cg13024471
1835	cg03517024
1836	cg21189611
1837	cg05971592
1838	cg01275887
1839	cg13208899
1840	cg27460040
1841	cg21507987
1842	cg03286774
1843	cg13591710
1844	cg02816425
1845	cg26073844
1846	cg08395904
1847	cg17499345
1848	cg06458238
1849	cg25820084
1850	cg23033845
1851	cg14205001
1852	cg15711404
1853	cg24501177
1854	cg26915343
1855	cg25422797
1856	cg16736054
1857	cg25630588
1858	cg21793127
1859	cg18012556
1860	cg21431856
1861	cg18542639
1862	cg25743345
1863	cg24787443
1864	cg26275986
1865	cg26889844
1866	cg13847898
1867	cg20731213
1868	cg04317651
1869	cg23635728
1870	cg23958533
1871	cg23404101
1872	cg13667911
1873	cg16118379
1874	cg21628504
1875	cg14854315
1876	cg12153373
1877	cg21669966
1878	cg24342696
1879	cg23079522
1880	cg27499850
1881	cg10982851
1882	cg19589427
1883	cg07076109
1884	cg13924834
1885	cg00114710
1886	cg11114465
1887	cg04819048
1888	cg15627834
1889	cg10803714
1890	cg11295183
1891	cg26502067
1892	cg04554564
1893	cg12003230
1894	cg10023915
1895	cg18633587
1896	cg00519208
1897	cg23574443
1898	cg00159682
1899	cg10881937
1900	cg24690314
1901	cg03537386
1902	cg14209730
1903	cg23204680
1904	cg16119483
1905	cg20640374
1906	cg10663897
1907	cg25214966
1908	cg16345114
1909	cg19389370
1910	cg25515997
1911	cg03276982
1912	cg15905656
1913	cg24441324
1914	cg11862001
1915	cg03668763
1916	cg23733260
1917	cg23184653
1918	cg16509336
1919	cg26150981
1920	cg09287650
1921	cg19897979
1922	cg00593404
1923	cg21240048
1924	cg07810476
1925	cg22740835
1926	cg01516737
1927	cg19201009
1928	cg00942293
1929	cg13447099
1930	cg27286957
1931	cg22533992
1932	cg07602008
1933	cg13417891
1934	cg27056501
1935	cg27323792
1936	cg14160433
1937	cg27437413
1938	cg26863534
1939	cg02635370
1940	cg11223933
1941	cg22391718
1942	cg10993460
1943	cg10297617
1944	cg18469036
1945	cg06794543
1946	cg09490124
1947	cg12360046
1948	cg16622899
1949	cg11264392
1950	cg20584841
1951	cg15194531
1952	cg09074856
1953	cg14798653
1954	cg01463828
1955	cg22216196
1956	cg03331514
1957	cg08379738
1958	cg13220900
1959	cg01017395
1960	cg07804749
1961	cg15059065
1962	cg05233373
1963	cg19458020
1964	cg06471596
1965	cg24757533
1966	cg16402452
1967	cg18856478
1968	cg00767000
1969	cg08407014
1970	cg09125300
1971	cg24486037
1972	cg00776080
1973	cg12253175
1974	cg23969554
1975	cg19645616
1976	cg16811988
1977	cg15332386
1978	cg21643939
1979	cg22980156
1980	cg10066186
1981	cg27131563
1982	cg11180921
1983	cg01347048
1984	cg25432336
1985	cg05494668
1986	cg22961212
1987	cg19432886
1988	cg18918390
1989	cg27366882
1990	cg24522254
1991	cg00028135
1992	cg26116326
1993	cg26972389
1994	cg07570498
1995	cg00142036
1996	cg02898721
1997	cg01871631
1998	cg14427527
1999	cg01844321
2000	cg01039752
2001	cg24790419
2002	cg17126555
2003	cg00246969
2004	cg21236153
2005	cg07604117
2006	cg09449150
2007	cg12655375
2008	cg07684775
2009	cg23017915
2010	cg09126995
2011	cg19478539
2012	cg20187047
2013	cg24769398
2014	cg12719233
2015	cg14530275
2016	cg09596958
2017	cg24217894
2018	cg16496462
2019	cg07843390
2020	cg22834924
2021	cg24480379
2022	cg19853565
2023	cg24118773
2024	cg25922969
2025	cg13879455
2026	cg22209929
2027	cg15095913
2028	cg15803221
2029	cg24874003
2030	cg19884556
2031	cg01856529
2032	cg01353646
2033	cg15624624
2034	cg20981219
2035	cg22904711
2036	cg09148852
2037	cg26695909
2038	cg01426713
2039	cg02226192
2040	cg05830425
2041	cg06633438
2042	cg17178175
