	chrom	start	end	n_mark	n_h_mark	seg_median	c_fraction	total	minor	seg_length	seg_length_chr	segment_type	arm	margin_segments	segment_cna_status	LOH	segment_cna_combined	norm_total	Sample
0	1	970892	35918427	13159	627	-0.30792012068959423	1.0	2	0	34947535	0.1403761136959142	Long_focal	p	first	Deletion	True	Deletion	-2	TWDN-WUR-117-A2
1	1	36286551	119839223	12305	543	-0.055236621545396415	1.0	3	1	83552672	0.3356116356781509	Long_focal	p	regular	ShallowDel	False	ShallowDel	-1	TWDN-WUR-117-A2
2	1	147171976	248814441	21439	1096	-0.049031688995992924	1.0	3	0	101642465	0.4082741235733216	Arm	q	last	ShallowDel	True	ShallowDel	-1	TWDN-WUR-117-A2
3	2	272051	88448871	11250	485	-0.059216804975279876	1.0	3	1	88176820	0.36407587091230653	Arm	p	first	ShallowDel	False	ShallowDel	-1	TWDN-WUR-117-A2
4	2	96000000	241209658	20536	1009	0.002858659173876156	1.0	3	1	145209658	0.5995604366456876	Arm	q	last	ShallowDel	False	ShallowDel	-1	TWDN-WUR-117-A2
5	3	1220790	87800000	12459	578	-0.24013218624159885	1.0	2	0	86579210	0.4366169894909245	Arm	p	first	Deletion	True	Deletion	-2	TWDN-WUR-117-A2
6	3	94000000	198157341	13307	674	-0.2438139197692063	1.0	2	0	104157341	0.525263104858541	Arm	q	last	Deletion	True	Deletion	-2	TWDN-WUR-117-A2
7	4	87223	48200000	6042	340	0.08020841412341999	1.0	4	2	48112777	0.2529395134878085	Long_focal	p	first	Neutral	False	Neutral	0	TWDN-WUR-117-A2
8	4	51848345	188139952	11702	629	-0.014960155391678148	1.0	3	1	136291607	0.7165151320833466	Arm	q	last	ShallowDel	False	ShallowDel	-1	TWDN-WUR-117-A2
9	5	171454	43609170	3985	193	0.0781601356097289	1.0	4	2	43437716	0.23927582119204965	Long_focal	p	first	Neutral	False	Neutral	0	TWDN-WUR-117-A2
10	5	51400000	181155604	16205	809	-0.07690001681331167	1.0	3	1	129755604	0.7147562432005036	Arm	q	last	ShallowDel	False	ShallowDel	-1	TWDN-WUR-117-A2
11	6	349317	32589729	7111	523	0.18568974677816447	1.0	4	2	32240412	0.18875458686373034	Long_focal	p	first	Neutral	False	Neutral	0	TWDN-WUR-117-A2
12	6	32589733	32660922	116	17	0.3830358677767915		9	2	71189	0.0004167828340482156	Focal	p	regular	Amplification	False	Amplification	2	TWDN-WUR-117-A2
13	6	32741427	57107302	6510	271	0.17272002229991676	1.0	4	2	24365875	0.14265235410758073	Long_focal	p	regular	Neutral	False	Neutral	0	TWDN-WUR-117-A2
14	6	62600000	170318921	11192	631	0.14884294376114685	1.0	4	2	107718921	0.6306507631094108	Arm	q	last	Neutral	False	Neutral	0	TWDN-WUR-117-A2
15	7	256773	57121182	8256	435	0.10244610569828888	1.0	4	2	56864409	0.3568612869808765	Arm	p	first	Neutral	False	Neutral	0	TWDN-WUR-117-A2
16	7	63292701	158693326	14552	730	0.21368699446795505	1.0	4	2	95400625	0.5987011984294074	Arm	q	last	Neutral	False	Neutral	0	TWDN-WUR-117-A2
17	8	492079	43192450	6720	324	0.13146068909035455	1.0	4	2	42700371	0.29420402572889	Long_focal	p	first	Neutral	False	Neutral	0	TWDN-WUR-117-A2
18	8	48729906	144522244	9650	432	0.13871669060500147	1.0	4	2	95792338	0.6600057754435559	Arm	q	last	Neutral	False	Neutral	0	TWDN-WUR-117-A2
19	9	14889	41053927	5012	204	-0.3207133990031312	1.0	2	0	41039038	0.2965361604084931	Long_focal	p	first	Deletion	True	Deletion	-2	TWDN-WUR-117-A2
20	9	67867358	138177100	15477	760	-0.285281976218091	1.0	2	0	70309742	0.5080377598517724	Arm	q	last	Deletion	True	Deletion	-2	TWDN-WUR-117-A2
21	10	47663	38000000	4655	291	0.1621006267063809	1.0	4	0	37952337	0.2836552187081751	Long_focal	p	first	Neutral	True	cnLOH	0	TWDN-WUR-117-A2
22	10	42594517	133532152	14057	655	0.15101060221939494	1.0	4	0	90937635	0.6796665708551545	Arm	q	last	Neutral	True	cnLOH	0	TWDN-WUR-117-A2
23	11	197337	49208285	10568	574	-0.0797105987283603	1.0	3	1	49010948	0.362811263427699	Arm	p	first	ShallowDel	False	ShallowDel	-1	TWDN-WUR-117-A2
24	11	55800000	134374737	17705	733	-0.05671077146771843	1.0	3	1	78574737	0.5816618687822396	Arm	q	last	ShallowDel	False	ShallowDel	-1	TWDN-WUR-117-A2
25	12	66973	32740492	6214	361	0.20456925909645066	1.0	4	1	32673519	0.24515808100658765	Long_focal	p	first	Neutral	False	Neutral	0	TWDN-WUR-117-A2
26	12	40237989	51480270	2963	188	-0.09270860806291804	1.0	3	1	11242281	0.08435381680488169	Long_focal	q	regular	ShallowDel	False	ShallowDel	-1	TWDN-WUR-117-A2
27	12	51687181	54182016	1681	106	-0.246038250876626	1.0	2	0	2494835	0.018719408859145845	Focal	q	regular	Deletion	True	Deletion	-2	TWDN-WUR-117-A2
28	12	54385039	56169494	794	26	1.0255965375385214	1.0	10	0	1784455	0.013389239262615402	Focal	q	regular	Amplification	True	Amplification	2	TWDN-WUR-117-A2
29	12	56420779	133219374	11955	518	-0.3282002066005721	1.0	2	0	76798595	0.5762402321648341	Arm	q	last	Deletion	True	Deletion	-2	TWDN-WUR-117-A2
30	13	18900000	61412785	4652	227	-0.255056603490972	1.0	2	1	42512785	0.371731166032821	Arm	q	first	Deletion	False	Deletion	-2	TWDN-WUR-117-A2
31	13	67225197	114299007	3476	171	-0.4571282149436356	1.0	2	1	47073810	0.4116127014710391	Arm	q	last	Deletion	False	Deletion	-2	TWDN-WUR-117-A2
32	14	19748139	105488612	14388	649	-0.3218162920622874	1.0	2	0	85740473	0.8009855655424823	Arm	q	first	Deletion	True	Deletion	-2	TWDN-WUR-117-A2
33	15	23364561	101724101	15596	714	0.11393182917830234	1.0	4	2	78359540	0.7682971516294412	Arm	q	first	Neutral	False	Neutral	0	TWDN-WUR-117-A2
34	16	65043	16068182	7630	383	0.16957976204562245	1.0	4	2	16003139	0.1771466922490112	Long_focal	p	first	Neutral	False	Neutral	0	TWDN-WUR-117-A2
35	16	16321430	31569209	4263	153	0.007467690447580242	1.0	3	1	15247779	0.1687852373208741	Long_focal	p	regular	ShallowDel	False	ShallowDel	-1	TWDN-WUR-117-A2
36	16	46603536	90063728	10366	408	-0.24019788279618506	1.0	2	0	43460192	0.4810824462192661	Arm	q	last	Deletion	True	Deletion	-2	TWDN-WUR-117-A2
37	17	215819	6813066	3519	180	0.17174448826907082	1.0	4	2	6597247	0.07923912770751626	Long_focal	p	first	Neutral	False	Neutral	0	TWDN-WUR-117-A2
38	17	7075860	21416681	5248	255	-0.3135684357650649	1.0	2	0	14340821	0.17224671846447934	Long_focal	p	regular	Deletion	True	Deletion	-2	TWDN-WUR-117-A2
39	17	27400000	83085163	19171	923	0.17561313184206706	1.0	4	2	55685163	0.6688310658022747	Arm	q	last	Neutral	False	Neutral	0	TWDN-WUR-117-A2
40	18	203081	13884567	1965	143	0.16188027168257654	1.0	4	2	13681486	0.1702242977875049	Long_focal	p	first	Neutral	False	Neutral	0	TWDN-WUR-117-A2
41	18	21573533	80137309	5310	309	0.13567610335182564	1.0	4	2	58563776	0.7286472862220326	Arm	q	last	Neutral	False	Neutral	0	TWDN-WUR-117-A2
42	19	281360	17255469	14024	743	-0.30714535593569336	1.0	2	0	16974109	0.2895735131909834	Long_focal	p	first	Deletion	True	Deletion	-2	TWDN-WUR-117-A2
43	19	17281674	24127230	2918	192	0.002312063032406821	1.0	3	1	6845556	0.11678325505424855	Long_focal	p	regular	ShallowDel	False	ShallowDel	-1	TWDN-WUR-117-A2
44	19	29529771	44819986	7382	437	0.7092265511419731	1.0	7	2	15290215	0.2608467563743977	Long_focal	q	regular	Amplification	False	Amplification	2	TWDN-WUR-117-A2
45	19	44874077	58571238	11211	558	-0.2870002488921703	1.0	2	0	13697161	0.2336697043428037	Long_focal	q	last	Deletion	True	Deletion	-2	TWDN-WUR-117-A2
46	20	187825	25675319	3966	243	0.15049489173906022	1.0	4	2	25487494	0.3954972992357865	Arm	p	first	Neutral	False	Neutral	0	TWDN-WUR-117-A2
47	20	31449980	64273189	8415	368	0.1593925640442104	1.0	4	2	32823209	0.5093278496407596	Arm	q	last	Neutral	False	Neutral	0	TWDN-WUR-117-A2
48	21	14108913	46658699	5696	347	-0.04570548353993426	1.0	3	1	32549786	0.6968485944428625	Arm	q	first	ShallowDel	False	ShallowDel	-1	TWDN-WUR-117-A2
49	22	17400000	50744827	11458	546	-0.3089341561627439	1.0	2	0	33344827	0.6561556912734953	Arm	q	first	Deletion	True	Deletion	-2	TWDN-WUR-117-A2
50	23	290784	57679344	5191	164	0.13428459841058166	1.0	4	2	57388560	0.36777897230081896	Arm	p	first	Neutral	False	Neutral	0	TWDN-WUR-117-A2
51	23	66021884	156010162	6563	231	0.1319904744510361	1.0	4	2	89988278	0.5766967563214759	Arm	q	last	Neutral	False	Neutral	0	TWDN-WUR-117-A2
52	1	14464	119839223	25407	1140	-0.001341702812852334	1.0	2	1	119824759	0.4813081664549308	Arm	p	first	Neutral	False	Neutral	0	TWDN-WUR-117-A3
53	1	147171976	248814441	21169	1061	0.0032077075007309764	1.0	2	1	101642465	0.4082741235733216	Arm	q	last	Neutral	False	Neutral	0	TWDN-WUR-117-A3
54	2	272051	88448871	11021	460	-0.008603514936588423	1.0	2	1	88176820	0.36407587091230653	Arm	p	first	Neutral	False	Neutral	0	TWDN-WUR-117-A3
55	2	96000000	241209658	20212	964	0.0034935871511917764	1.0	2	1	145209658	0.5995604366456876	Arm	q	last	Neutral	False	Neutral	0	TWDN-WUR-117-A3
56	3	1220790	87800000	12031	523	-0.31393487623891153	1.0	1	0	86579210	0.4366169894909245	Arm	p	first	ShallowDel	True	ShallowDel	-1	TWDN-WUR-117-A3
57	3	94000000	198157341	13023	650	0.009546407687552043	1.0	2	1	104157341	0.525263104858541	Arm	q	last	Neutral	False	Neutral	0	TWDN-WUR-117-A3
58	4	87223	48200000	5929	329	-0.0005268426353942112	1.0	2	1	48112777	0.2529395134878085	Long_focal	p	first	Neutral	False	Neutral	0	TWDN-WUR-117-A3
59	4	51848345	188139952	11324	592	-0.014153478974190102	1.0	2	1	136291607	0.7165151320833466	Arm	q	last	Neutral	False	Neutral	0	TWDN-WUR-117-A3
60	5	171454	43609170	3895	189	0.006410108159533625	1.0	2	1	43437716	0.23927582119204965	Long_focal	p	first	Neutral	False	Neutral	0	TWDN-WUR-117-A3
61	5	51400000	181155604	15857	774	-0.01634766537742903	1.0	2	1	129755604	0.7147562432005036	Arm	q	last	Neutral	False	Neutral	0	TWDN-WUR-117-A3
62	6	349317	57107302	13456	760	0.00812674446878112	1.0	2	1	56757985	0.3322950714740495	Long_focal	p	first	Neutral	False	Neutral	0	TWDN-WUR-117-A3
63	6	62600000	170318921	10910	594	-0.007147833354260076	1.0	2	1	107718921	0.6306507631094108	Arm	q	last	Neutral	False	Neutral	0	TWDN-WUR-117-A3
64	7	256773	57121182	8085	420	0.006242013861399062	1.0	2	1	56864409	0.3568612869808765	Arm	p	first	Neutral	False	Neutral	0	TWDN-WUR-117-A3
65	7	63292701	158693326	14351	684	0.0059077582038986115	1.0	2	1	95400625	0.5987011984294074	Arm	q	last	Neutral	False	Neutral	0	TWDN-WUR-117-A3
66	8	492079	43192450	6576	314	0.006797120373765175	1.0	2	1	42700371	0.29420402572889	Long_focal	p	first	Neutral	False	Neutral	0	TWDN-WUR-117-A3
67	8	48729906	144475291	9271	405	-7.982182020110044e-05	1.0	2	1	95745385	0.6596822709564392	Arm	q	last	Neutral	False	Neutral	0	TWDN-WUR-117-A3
68	9	14889	39103778	4706	193	-0.2950293860303184	1.0	1	0	39088889	0.2824449505540013	Long_focal	p	first	ShallowDel	True	ShallowDel	-1	TWDN-WUR-117-A3
69	9	67867358	138177100	15055	706	-0.2811628166983001	1.0	1	0	70309742	0.5080377598517724	Arm	q	last	ShallowDel	True	ShallowDel	-1	TWDN-WUR-117-A3
70	10	47663	38000000	4553	277	0.0038176671861180228	1.0	2	1	37952337	0.2836552187081751	Long_focal	p	first	Neutral	False	Neutral	0	TWDN-WUR-117-A3
71	10	42594517	133532152	13521	592	-0.31182373359542925	1.0	1	0	90937635	0.6796665708551545	Arm	q	last	ShallowDel	True	ShallowDel	-1	TWDN-WUR-117-A3
72	11	197337	49208285	10427	555	0.0032837777209525193	1.0	2	1	49010948	0.362811263427699	Arm	p	first	Neutral	False	Neutral	0	TWDN-WUR-117-A3
73	11	55800000	56701084	476	17	0.011657317365503713	1.0	2	0	901084	0.006670416260760447	Focal	q	regular	Neutral	True	cnLOH	0	TWDN-WUR-117-A3
74	11	56988924	134374737	17022	686	0.012767665083080831	1.0	2	1	77385813	0.5728606715770863	Arm	q	last	Neutral	False	Neutral	0	TWDN-WUR-117-A3
75	12	66973	32740492	6050	341	0.013694759037732759	1.0	2	1	32673519	0.24515808100658765	Long_focal	p	first	Neutral	False	Neutral	0	TWDN-WUR-117-A3
76	12	40237989	133219374	17428	819	0.007568580044177597	1.0	2	1	92981385	0.6976639986630983	Arm	q	last	Neutral	False	Neutral	0	TWDN-WUR-117-A3
77	13	18900000	114299007	8000	383	0.0019725769910711667	1.0	2	1	95399007	0.8341675124432156	Arm	q	first	Neutral	False	Neutral	0	TWDN-WUR-117-A3
78	14	19748139	105488612	14129	632	0.007734822078968104	1.0	2	1	85740473	0.8009855655424823	Arm	q	first	Neutral	False	Neutral	0	TWDN-WUR-117-A3
79	15	23364561	101724101	15319	683	0.0028410294043869928	1.0	2	1	78359540	0.7682971516294412	Arm	q	first	Neutral	False	Neutral	0	TWDN-WUR-117-A3
80	16	65043	31569209	11958	518	0.0038654767216501494	1.0	2	1	31504166	0.34873525743691675	Long_focal	p	first	Neutral	False	Neutral	0	TWDN-WUR-117-A3
81	16	46603536	90063728	10212	401	-0.007511279246822802	1.0	2	1	43460192	0.4810824462192661	Arm	q	last	Neutral	False	Neutral	0	TWDN-WUR-117-A3
82	17	215819	21416681	8816	428	0.001657140281742303	1.0	2	1	21200862	0.2546422487330592	Long_focal	p	first	Neutral	False	Neutral	0	TWDN-WUR-117-A3
83	17	27400000	83085163	19022	895	0.01605140758277581	1.0	2	1	55685163	0.6688310658022747	Arm	q	last	Neutral	False	Neutral	0	TWDN-WUR-117-A3
84	18	203081	13884567	1927	137	0.019436886669971308	1.0	2	1	13681486	0.1702242977875049	Long_focal	p	first	Neutral	False	Neutral	0	TWDN-WUR-117-A3
85	18	21573533	80137309	5104	271	-0.32621210221736674	1.0	1	0	58563776	0.7286472862220326	Arm	q	last	ShallowDel	True	ShallowDel	-1	TWDN-WUR-117-A3
86	19	281360	24127230	16858	925	0.028415578008626194	1.0	2	1	23845870	0.4068038181559617	Arm	p	first	Neutral	False	Neutral	0	TWDN-WUR-117-A3
87	19	29529771	58571238	18578	968	0.018782189291068323	1.0	2	1	29041467	0.4954392379246539	Arm	q	last	Neutral	False	Neutral	0	TWDN-WUR-117-A3
88	20	187825	25675319	3881	229	0.032088300289221765	1.0	2	1	25487494	0.3954972992357865	Arm	p	first	Neutral	False	Neutral	0	TWDN-WUR-117-A3
89	20	31449980	64273189	8401	358	0.2804001214046033	1.0	3	1	32823209	0.5093278496407596	Arm	q	last	Gain	False	Gain	1	TWDN-WUR-117-A3
90	21	14108913	46658699	5607	342	0.011880537631285343	1.0	2	1	32549786	0.6968485944428625	Arm	q	first	Neutral	False	Neutral	0	TWDN-WUR-117-A3
91	22	17400000	50744827	11298	541	0.009098952686608895	1.0	2	1	33344827	0.6561556912734953	Arm	q	first	Neutral	False	Neutral	0	TWDN-WUR-117-A3
92	23	290784	57489006	5064	157	-0.003002678673665409	1.0	2	1	57198222	0.3665591766824972	Arm	p	first	Neutral	False	Neutral	0	TWDN-WUR-117-A3
93	23	66162895	156010162	6388	215	-0.0129113772832257	1.0	2	1	89847267	0.5757930765521436	Arm	q	last	Neutral	False	Neutral	0	TWDN-WUR-117-A3
94	1	941119	6136809	3158	164	0.12920803806822104	1.0	2	1	5195690	0.020869877379584127	Focal	p	first	Neutral	False	Neutral	0	TWDN-WUR-124-A1
95	1	6136883	119953496	22367	1062	-0.04997226625917756	1.0	2	1	113816613	0.4571748424308572	Arm	p	regular	Neutral	False	Neutral	0	TWDN-WUR-124-A1
96	1	146994292	248638309	21193	1120	-0.023337476236682902	1.0	2	1	101644017	0.4082803575960776	Arm	q	last	Neutral	False	Neutral	0	TWDN-WUR-124-A1
97	2	1083634	91775854	11089	487	-0.05077922449964645	1.0	2	1	90692220	0.3744617801080887	Arm	p	first	Neutral	False	Neutral	0	TWDN-WUR-124-A1
98	2	96000000	241223944	20296	1002	0.000774391848018112	1.0	2	1	145223944	0.5996194225321354	Arm	q	last	Neutral	False	Neutral	0	TWDN-WUR-124-A1
99	3	1327594	87800000	12241	595	-0.5405094802494316	1.0	1	0	86472406	0.43607837934484456	Arm	p	first	ShallowDel	True	ShallowDel	-1	TWDN-WUR-124-A1
100	3	94000000	198157485	12944	685	-0.5241424909221937	1.0	1	0	104157485	0.5252638310472701	Arm	q	last	ShallowDel	True	ShallowDel	-1	TWDN-WUR-124-A1
101	4	271152	48200000	5975	316	0.015701655620075392	1.0	2	1	47928848	0.2519725580411026	Long_focal	p	first	Neutral	False	Neutral	0	TWDN-WUR-124-A1
102	4	52029884	189941027	11387	583	-0.012722451859804891	1.0	2	1	137911143	0.725029391152533	Arm	q	last	Neutral	False	Neutral	0	TWDN-WUR-124-A1
103	5	181545	45262797	3930	209	0.4076722181769257	1.0	3	1	45081252	0.24832920756389976	Long_focal	p	first	Gain	False	Gain	1	TWDN-WUR-124-A1
104	5	51400000	181155604	15875	897	0.35674530819660144	1.0	3	1	129755604	0.7147562432005036	Arm	q	last	Gain	False	Gain	1	TWDN-WUR-124-A1
105	6	349317	32553819	6799	352	-0.012671300207655384	1.0	2	1	32204502	0.18854434832167088	Long_focal	p	first	Neutral	False	Neutral	0	TWDN-WUR-124-A1
106	6	32553923	32665095	142	30	-0.035108662265680234		4	1	111172	0.0006508671455815957	Focal	p	regular	Amplification	False	Amplification	2	TWDN-WUR-124-A1
107	6	32741402	57103510	6349	294	-0.007130715677391012	1.0	2	1	24362108	0.14263029984448028	Long_focal	p	regular	Neutral	False	Neutral	0	TWDN-WUR-124-A1
108	6	62600000	170569798	10970	581	-0.026060837789100302	1.0	2	1	107969798	0.6321195465880032	Arm	q	last	Neutral	False	Neutral	0	TWDN-WUR-124-A1
109	7	256705	56811895	8106	439	-0.036949727876259886	1.0	2	1	56555190	0.3549207359008689	Arm	p	first	Neutral	False	Neutral	0	TWDN-WUR-124-A1
110	7	64069578	100959582	5640	236	-0.1207388664756	1.0	2	1	36890004	0.23150885651813746	Long_focal	q	regular	Neutral	False	Neutral	0	TWDN-WUR-124-A1
111	7	100960182	100993912	94	15	-0.25374625654966043		1	0	33730	0.00021167776859977504	Focal	q	regular	ShallowDel	True	ShallowDel	-1	TWDN-WUR-124-A1
112	7	100993932	159034635	8838	490	-0.0069940008704057356	1.0	2	1	58040703	0.3642432997035953	Arm	q	last	Neutral	False	Neutral	0	TWDN-WUR-124-A1
113	8	431344	43159090	6645	327	-0.016435908743394987	1.0	2	1	42727746	0.29439263849771885	Long_focal	p	first	Neutral	False	Neutral	0	TWDN-WUR-124-A1
114	8	47260912	141136609	7078	325	-0.047418074670634136	1.0	2	1	93875697	0.6468001876495518	Arm	q	regular	Neutral	False	Neutral	0	TWDN-WUR-124-A1
115	8	141166408	144930610	2847	186	0.1356756017784039	1.0	2	1	3764202	0.025935216863964463	Focal	q	last	Neutral	False	Neutral	0	TWDN-WUR-124-A1
116	9	14889	41183604	4924	195	-0.02812491273327053	1.0	2	1	41168715	0.2974731687192944	Long_focal	p	first	Neutral	False	Neutral	0	TWDN-WUR-124-A1
117	9	63326808	133426349	11876	604	-0.04018775787348585	1.0	2	1	70099541	0.5065189085216311	Arm	q	regular	Neutral	False	Neutral	0	TWDN-WUR-124-A1
118	9	133430112	138177100	3465	213	0.11305498671677927	1.0	2	1	4746988	0.0343003555547572	Long_focal	q	last	Neutral	False	Neutral	0	TWDN-WUR-124-A1
119	10	47876	38000000	4584	270	-0.07082684133054998	1.0	2	1	37952124	0.2836536267492508	Long_focal	p	first	Neutral	False	Neutral	0	TWDN-WUR-124-A1
120	10	42785641	133626699	13924	755	-0.020123386760051317	1.0	2	1	90841058	0.6789447557517214	Arm	q	last	Neutral	False	Neutral	0	TWDN-WUR-124-A1
121	11	197557	244171	88	16	0.11825525740158167		3	1	46614	0.0003450674782585059	Focal	p	first	Gain	False	Gain	1	TWDN-WUR-124-A1
122	11	244414	49810310	10350	616	0.019717242782572163	1.0	2	1	49565896	0.36691935342050375	Arm	p	regular	Neutral	False	Neutral	0	TWDN-WUR-124-A1
123	11	55800000	134374737	17603	849	-0.017740581842201533	1.0	2	1	78574737	0.5816618687822396	Arm	q	last	Neutral	False	Neutral	0	TWDN-WUR-124-A1
124	12	66973	33200000	6169	370	-0.04809267911683824	1.0	2	1	33133027	0.2486058914333487	Long_focal	p	first	Neutral	False	Neutral	0	TWDN-WUR-124-A1
125	12	38316721	133234117	17598	831	-0.060187075468221225	1.0	2	1	94917396	0.7121904027999665	Arm	q	last	Neutral	False	Neutral	0	TWDN-WUR-124-A1
126	13	19181898	114299007	7991	326	-0.002217705923201117	1.0	2	1	95117109	0.8317026004822063	Arm	q	first	Neutral	False	Neutral	0	TWDN-WUR-124-A1
127	14	19780669	105488368	14037	690	-0.019992099246863026	1.0	2	1	85707699	0.8006793915734504	Arm	q	first	Neutral	False	Neutral	0	TWDN-WUR-124-A1
128	15	23365158	101976032	15392	669	-0.03705560315942842	1.0	2	1	78610874	0.7707614233225578	Arm	q	first	Neutral	False	Neutral	0	TWDN-WUR-124-A1
129	16	61249	1786795	2628	146	0.5334273040595974	1.0	3	1	1725546	0.019100925526142856	Focal	p	first	Gain	False	Gain	1	TWDN-WUR-124-A1
130	16	1788639	31569209	9226	440	0.2871121200392241	1.0	3	1	29780570	0.32965591742908285	Long_focal	p	regular	Gain	False	Gain	1	TWDN-WUR-124-A1
131	16	46671664	90106346	10222	520	0.3242269551267569	1.0	3	1	43434682	0.4808000633617984	Arm	q	last	Gain	False	Gain	1	TWDN-WUR-124-A1
132	17	281725	21533320	8897	515	-0.07997830968082789	1.0	2	1	21251595	0.25525159967383576	Long_focal	p	first	Neutral	False	Neutral	0	TWDN-WUR-124-A1
133	17	27400000	83084897	18915	779	-0.05040876147509392	1.0	2	1	55684897	0.6688278708926451	Arm	q	last	Neutral	False	Neutral	0	TWDN-WUR-124-A1
134	18	225051	14752958	1992	114	-0.05456799716366585	1.0	2	1	14527907	0.1807554214065034	Long_focal	p	first	Neutral	False	Neutral	0	TWDN-WUR-124-A1
135	18	22415768	80160338	5217	256	-0.02216994026071284	1.0	2	1	57744570	0.7184547701391077	Arm	q	last	Neutral	False	Neutral	0	TWDN-WUR-124-A1
136	19	290947	2253591	2544	172	-0.01740990042182776	1.0	2	1	1962644	0.0334821532148288	Long_focal	p	first	Neutral	False	Neutral	0	TWDN-WUR-124-A1
137	19	2278756	23827191	14153	726	-0.17651043513533055	1.0	2	1	21548435	0.3676102248852973	Arm	p	regular	Neutral	False	Neutral	0	TWDN-WUR-124-A1
138	19	29213095	58571238	18502	952	-0.11331800677031692	1.0	2	1	29358143	0.5008416411885465	Arm	q	last	Neutral	False	Neutral	0	TWDN-WUR-124-A1
139	20	145508	25489208	3893	252	-0.034807207694131065	1.0	2	1	25343700	0.3932660034227768	Arm	p	first	Neutral	False	Neutral	0	TWDN-WUR-124-A1
140	20	31303398	64265312	8325	348	-0.031098717371380424	1.0	2	1	32961914	0.511480177872421	Arm	q	last	Neutral	False	Neutral	0	TWDN-WUR-124-A1
141	21	13980164	46660984	5718	321	0.003262877411870848	1.0	2	1	32680820	0.6996538620020478	Arm	q	first	Neutral	False	Neutral	0	TWDN-WUR-124-A1
142	22	17400000	50698666	11235	560	-0.04059853546930696	1.0	2	1	33298666	0.6552473403960151	Arm	q	first	Neutral	False	Neutral	0	TWDN-WUR-124-A1
143	23	304764	49323238	3917	22	-0.1658232512825728	1.0	2	0	49018474	0.3141386365414016	Long_focal	p	first	Neutral	True	cnLOH	0	TWDN-WUR-124-A1
144	23	141905965	141906194	9	2	0.9043772280748552		6	2	229	1.4675639998091529e-06	Focal	q	last	Amplification	False	Amplification	2	TWDN-WUR-124-A1
145	1	941119	119953496	25502	1213	-0.05123991165708176	1.0	2	1	119012377	0.4780450170512171	Arm	p	first	Neutral	False	Neutral	0	TWDN-WUR-124-A2
146	1	146994292	248638309	21134	1111	0.026224845182462386	1.0	2	1	101644017	0.4082803575960776	Arm	q	last	Neutral	False	Neutral	0	TWDN-WUR-124-A2
147	2	1083634	91775854	11065	480	-0.01801270214919536	1.0	2	1	90692220	0.3744617801080887	Arm	p	first	Neutral	False	Neutral	0	TWDN-WUR-124-A2
148	2	96000000	241223944	20264	994	0.07824824043013627	1.0	3	1	145223944	0.5996194225321354	Arm	q	last	Gain	False	Gain	1	TWDN-WUR-124-A2
149	3	1327594	87800000	12250	616	-0.2269063892210497	1.0	1	0	86472406	0.43607837934484456	Arm	p	first	ShallowDel	True	ShallowDel	-1	TWDN-WUR-124-A2
150	3	94000000	198157485	12985	729	0.023227542736631288	1.0	2	0	104157485	0.5252638310472701	Arm	q	last	Neutral	True	cnLOH	0	TWDN-WUR-124-A2
151	4	271152	48200000	5976	311	0.04301352296326552	1.0	2	1	47928848	0.2519725580411026	Long_focal	p	first	Neutral	False	Neutral	0	TWDN-WUR-124-A2
152	4	52029884	189941027	11401	583	0.09709095870237082	1.0	3	1	137911143	0.725029391152533	Arm	q	last	Gain	False	Gain	1	TWDN-WUR-124-A2
153	5	181545	45262797	3967	210	0.2923900928296893	1.0	4	1	45081252	0.24832920756389976	Long_focal	p	first	Amplification	False	Amplification	2	TWDN-WUR-124-A2
154	5	51400000	171791134	13519	762	0.2944242933801864	1.0	4	1	120391134	0.6631722407341143	Arm	q	regular	Amplification	False	Amplification	2	TWDN-WUR-124-A2
155	5	172096432	181155604	2330	128	0.08039240349921592	1.0	3	1	9059172	0.04990227431893572	Long_focal	q	last	Gain	False	Gain	1	TWDN-WUR-124-A2
156	6	349317	32519576	6805	345	-0.004774087984894303	1.0	2	1	32170259	0.18834386939112946	Long_focal	p	first	Neutral	False	Neutral	0	TWDN-WUR-124-A2
157	6	32521878	32665095	161	35	0.10267037642721023		4	0	143217	0.0008384776741334097	Focal	p	regular	Amplification	True	Amplification	2	TWDN-WUR-124-A2
158	6	32741402	57103510	6347	293	0.012675749252439965	1.0	2	1	24362108	0.14263029984448028	Long_focal	p	regular	Neutral	False	Neutral	0	TWDN-WUR-124-A2
159	6	62600000	170569798	10960	580	0.07324480824092948	1.0	3	1	107969798	0.6321195465880032	Arm	q	last	Gain	False	Gain	1	TWDN-WUR-124-A2
160	7	256705	56811895	8077	431	-0.002758053312064051	1.0	2	1	56555190	0.3549207359008689	Arm	p	first	Neutral	False	Neutral	0	TWDN-WUR-124-A2
161	7	64069578	100827154	5445	230	-0.1805333641935848	1.0	1	0	36757576	0.2306777843704905	Long_focal	q	regular	ShallowDel	True	ShallowDel	-1	TWDN-WUR-124-A2
162	7	100959582	100993912	103	16	-0.4743603068088715		5	0	34330	0.00021544316027365183	Focal	q	regular	Amplification	True	Amplification	2	TWDN-WUR-124-A2
163	7	100993932	105613638	1291	77	-0.2671336183677597	1.0	0	0	4619706	0.028991670846931286	Focal	q	regular	Deletion	True	Deletion	-2	TWDN-WUR-124-A2
164	7	105760569	159034635	7479	405	0.07016058734110525	1.0	3	1	53274066	0.33432954091660666	Long_focal	q	last	Gain	False	Gain	1	TWDN-WUR-124-A2
165	8	431344	43159090	6628	324	0.033911643436275535	1.0	2	1	42727746	0.29439263849771885	Long_focal	p	first	Neutral	False	Neutral	0	TWDN-WUR-124-A2
166	8	47260912	144889982	9912	504	0.04227231587062767	1.0	2	1	97629070	0.672660793091648	Arm	q	last	Neutral	False	Neutral	0	TWDN-WUR-124-A2
167	9	14889	41183604	4881	193	0.03724599115726389	1.0	2	1	41168715	0.2974731687192944	Long_focal	p	first	Neutral	False	Neutral	0	TWDN-WUR-124-A2
168	9	63326808	124021154	8166	442	0.0426123603237492	1.0	2	1	60694346	0.4385597031135228	Arm	q	regular	Neutral	False	Neutral	0	TWDN-WUR-124-A2
169	9	124890342	132499377	2877	107	-0.2015853754599327	1.0	1	0	7609035	0.05498067531002646	Long_focal	q	regular	ShallowDel	True	ShallowDel	-1	TWDN-WUR-124-A2
170	9	132594789	138177100	4121	265	0.0009428874525393221	1.0	2	1	5582311	0.04033615676240011	Long_focal	q	last	Neutral	False	Neutral	0	TWDN-WUR-124-A2
171	10	47876	38000000	4557	267	-0.029630450044397873	1.0	2	1	37952124	0.2836536267492508	Long_focal	p	first	Neutral	False	Neutral	0	TWDN-WUR-124-A2
172	10	42785641	133626699	13920	754	0.023349261465050432	1.0	2	1	90841058	0.6789447557517214	Arm	q	last	Neutral	False	Neutral	0	TWDN-WUR-124-A2
173	11	197557	49810310	10453	621	0.03827778457016776	1.0	2	1	49612753	0.3672662197445429	Arm	p	first	Neutral	False	Neutral	0	TWDN-WUR-124-A2
174	11	55800000	57182217	504	97	0.2821113167084551	1.0	4	1	1382217	0.010232079087742678	Focal	q	regular	Amplification	False	Amplification	2	TWDN-WUR-124-A2
175	11	57334623	134374737	16940	748	-0.026303986024518285	1.0	2	1	77040114	0.5703015802704727	Arm	q	last	Neutral	False	Neutral	0	TWDN-WUR-124-A2
176	12	66973	33200000	6148	369	-0.014445553329809568	1.0	2	1	33133027	0.2486058914333487	Long_focal	p	first	Neutral	False	Neutral	0	TWDN-WUR-124-A2
177	12	38316721	47997874	1525	61	0.20468629136203328	1.0	4	2	9681153	0.07264025926962961	Long_focal	q	regular	Amplification	False	Amplification	2	TWDN-WUR-124-A2
178	12	48083639	133234117	15977	758	-0.09059962720310397	1.0	1	0	85150478	0.6389066259827617	Arm	q	last	ShallowDel	True	ShallowDel	-1	TWDN-WUR-124-A2
179	13	19181898	114299007	7971	322	0.08317164672477388	1.0	3	1	95117109	0.8317026004822063	Arm	q	first	Gain	False	Gain	1	TWDN-WUR-124-A2
180	14	19780669	105488368	13972	680	-0.01961725115632961	1.0	2	1	85707699	0.8006793915734504	Arm	q	first	Neutral	False	Neutral	0	TWDN-WUR-124-A2
181	15	23365158	101976032	15288	666	-0.012097469636812224	1.0	2	1	78610874	0.7707614233225578	Arm	q	first	Neutral	False	Neutral	0	TWDN-WUR-124-A2
182	16	61249	1793671	2716	148	0.17700083619573315	1.0	4	1	1732422	0.019177039384549274	Focal	p	first	Amplification	False	Amplification	2	TWDN-WUR-124-A2
183	16	1809729	31569209	9284	434	-0.012126368995172276	1.0	2	0	29759480	0.32942246174644885	Long_focal	p	regular	Neutral	True	cnLOH	0	TWDN-WUR-124-A2
184	16	46671664	90106346	10256	514	0.09995922478592392	1.0	3	1	43434682	0.4808000633617984	Arm	q	last	Gain	False	Gain	1	TWDN-WUR-124-A2
185	17	281725	8881775	5621	321	-0.24159122193048654	1.0	1	0	8600050	0.10329467128349523	Long_focal	p	first	ShallowDel	True	ShallowDel	-1	TWDN-WUR-124-A2
186	17	8888686	21533320	3268	184	-0.03390321998249345	1.0	2	1	12644634	0.15187392079465906	Long_focal	p	regular	Neutral	False	Neutral	0	TWDN-WUR-124-A2
187	17	27400000	83084897	18916	770	-0.11907003940618865	1.0	1	0	55684897	0.6688278708926451	Arm	q	last	ShallowDel	True	ShallowDel	-1	TWDN-WUR-124-A2
188	18	225051	14752958	1981	109	0.0033563040007437233	1.0	2	1	14527907	0.1807554214065034	Long_focal	p	first	Neutral	False	Neutral	0	TWDN-WUR-124-A2
189	18	22415768	80160338	5172	252	0.0757426547311557	1.0	3	1	57744570	0.7184547701391077	Arm	q	last	Gain	False	Gain	1	TWDN-WUR-124-A2
190	19	290947	19626578	15726	837	-0.3709639639585657	1.0	0	0	19335631	0.3298604126104344	Long_focal	p	first	Deletion	True	Deletion	-2	TWDN-WUR-124-A2
191	19	20540193	23827191	710	46	-0.0268110667184785	1.0	2	1	3286998	0.05607525901428676	Long_focal	p	regular	Neutral	False	Neutral	0	TWDN-WUR-124-A2
192	19	29213095	58571238	18478	944	-0.2377795302798477	1.0	1	0	29358143	0.5008416411885465	Arm	q	last	ShallowDel	True	ShallowDel	-1	TWDN-WUR-124-A2
193	20	145508	25489208	3882	249	0.014180046909359303	1.0	2	1	25343700	0.3932660034227768	Arm	p	first	Neutral	False	Neutral	0	TWDN-WUR-124-A2
194	20	31303398	64265312	8352	347	-0.06496225385042485	1.0	2	1	32961914	0.511480177872421	Arm	q	last	Neutral	False	Neutral	0	TWDN-WUR-124-A2
195	21	13980164	46660984	5698	315	0.041244024439267786	1.0	2	1	32680820	0.6996538620020478	Arm	q	first	Neutral	False	Neutral	0	TWDN-WUR-124-A2
196	22	17400000	50698666	11172	549	-0.13261273997047995	1.0	1	0	33298666	0.6552473403960151	Arm	q	first	ShallowDel	True	ShallowDel	-1	TWDN-WUR-124-A2
197	23	304764	1412945	260	11	-0.8516927414038049	1.0	0	0	1108181	0.007101862623897408	Focal	p	first	Deletion	True	Deletion	-2	TWDN-WUR-124-A2
198	23	1435014	49323238	3549	9	-0.04517470354390125	1.0	2	0	47888224	0.3068953430445269	Long_focal	p	regular	Neutral	True	cnLOH	0	TWDN-WUR-124-A2
199	23	141905965	141906194	9	2	1.0449141219137632		6	0	229	1.4675639998091529e-06	Focal	q	last	Amplification	True	Amplification	2	TWDN-WUR-124-A2
200	1	14464	119839223	25579	1194	0.05218602147720288	1.0	2	1	119824759	0.4813081664549308	Arm	p	first	Neutral	False	Neutral	0	TWDN-WUR-117-A1
201	1	147171976	248814441	21300	1121	0.058506625530710135	1.0	2	1	101642465	0.4082741235733216	Arm	q	last	Neutral	False	Neutral	0	TWDN-WUR-117-A1
202	2	272051	88448871	11185	489	0.04071040538687391	1.0	2	1	88176820	0.36407587091230653	Arm	p	first	Neutral	False	Neutral	0	TWDN-WUR-117-A1
203	2	96000000	241209658	20379	1016	0.0466883110451314	1.0	2	1	145209658	0.5995604366456876	Arm	q	last	Neutral	False	Neutral	0	TWDN-WUR-117-A1
204	3	1220790	87800000	12467	582	-0.4409465875066328	1.0	0	0	86579210	0.4366169894909245	Arm	p	first	Deletion	True	Deletion	-2	TWDN-WUR-117-A1
205	3	94000000	198157341	13245	706	0.05241612070004136	1.0	2	1	104157341	0.525263104858541	Arm	q	last	Neutral	False	Neutral	0	TWDN-WUR-117-A1
206	4	87223	48200000	5972	341	0.03364698222522168	1.0	2	1	48112777	0.2529395134878085	Long_focal	p	first	Neutral	False	Neutral	0	TWDN-WUR-117-A1
207	4	51848345	188139952	11653	633	0.04264064213198416	1.0	2	1	136291607	0.7165151320833466	Arm	q	last	Neutral	False	Neutral	0	TWDN-WUR-117-A1
208	5	171454	43609170	3939	194	0.037737651024065386	1.0	2	1	43437716	0.23927582119204965	Long_focal	p	first	Neutral	False	Neutral	0	TWDN-WUR-117-A1
209	5	51400000	181155604	16068	811	0.034246003008743614	1.0	2	1	129755604	0.7147562432005036	Arm	q	last	Neutral	False	Neutral	0	TWDN-WUR-117-A1
210	6	349317	32589729	7091	523	0.06116953617931936	1.0	2	1	32240412	0.18875458686373034	Long_focal	p	first	Neutral	False	Neutral	0	TWDN-WUR-117-A1
211	6	32589733	32660922	122	21	0.2525234315192429		3	0	71189	0.0004167828340482156	Focal	p	regular	Gain	True	Gain	1	TWDN-WUR-117-A1
212	6	32741427	57107302	6457	270	0.046669777830982084	1.0	2	1	24365875	0.14265235410758073	Long_focal	p	regular	Neutral	False	Neutral	0	TWDN-WUR-117-A1
213	6	62600000	170318921	11148	635	0.03971814146608072	1.0	2	1	107718921	0.6306507631094108	Arm	q	last	Neutral	False	Neutral	0	TWDN-WUR-117-A1
214	7	256773	57121182	8235	437	0.05435483640400194	1.0	2	1	56864409	0.3568612869808765	Arm	p	first	Neutral	False	Neutral	0	TWDN-WUR-117-A1
215	7	63292701	158693326	14461	735	0.05501773466521887	1.0	2	1	95400625	0.5987011984294074	Arm	q	last	Neutral	False	Neutral	0	TWDN-WUR-117-A1
216	8	492079	43192450	6655	325	0.04455204267935138	1.0	2	1	42700371	0.29420402572889	Long_focal	p	first	Neutral	False	Neutral	0	TWDN-WUR-117-A1
217	8	48729906	144522244	9572	430	0.03816531298646382	1.0	2	1	95792338	0.6600057754435559	Arm	q	last	Neutral	False	Neutral	0	TWDN-WUR-117-A1
218	9	14889	41053927	4979	209	0.04810584339149352	1.0	2	1	41039038	0.2965361604084931	Long_focal	p	first	Neutral	False	Neutral	0	TWDN-WUR-117-A1
219	9	67867358	138177100	15304	773	0.06550453680297512	1.0	2	1	70309742	0.5080377598517724	Arm	q	last	Neutral	False	Neutral	0	TWDN-WUR-117-A1
220	10	47663	38000000	4640	292	0.0456346071282239	1.0	2	1	37952337	0.2836552187081751	Long_focal	p	first	Neutral	False	Neutral	0	TWDN-WUR-117-A1
221	10	42594517	45000672	313	19	0.053281507805659364	1.0	2	1	2406155	0.017983567725243614	Focal	q	regular	Neutral	False	Neutral	0	TWDN-WUR-117-A1
222	10	45374447	133532152	13700	637	-0.4464308180085421	1.0	0	0	88157705	0.6588894141772029	Arm	q	last	Deletion	True	Deletion	-2	TWDN-WUR-117-A1
223	11	197337	49208285	10490	581	-0.1766705530639824	1.0	1	0	49010948	0.362811263427699	Arm	p	first	ShallowDel	True	ShallowDel	-1	TWDN-WUR-117-A1
224	11	55800000	134374737	17646	738	-0.17289632457421772	1.0	1	0	78574737	0.5816618687822396	Arm	q	last	ShallowDel	True	ShallowDel	-1	TWDN-WUR-117-A1
225	12	66973	32740492	6197	365	0.0411145718495158	1.0	2	1	32673519	0.24515808100658765	Long_focal	p	first	Neutral	False	Neutral	0	TWDN-WUR-117-A1
226	12	40237989	133219374	17558	854	0.05481801028579777	1.0	2	1	92981385	0.6976639986630983	Arm	q	last	Neutral	False	Neutral	0	TWDN-WUR-117-A1
227	13	18900000	114299007	8098	405	0.05666039554856767	1.0	2	1	95399007	0.8341675124432156	Arm	q	first	Neutral	False	Neutral	0	TWDN-WUR-117-A1
228	14	19748139	105488612	14286	660	-0.15982616851066198	1.0	1	0	85740473	0.8009855655424823	Arm	q	first	ShallowDel	True	ShallowDel	-1	TWDN-WUR-117-A1
229	15	23364561	101724101	15566	710	-0.4424202236505712	1.0	0	0	78359540	0.7682971516294412	Arm	q	first	Deletion	True	Deletion	-2	TWDN-WUR-117-A1
230	16	65043	31569209	11958	538	0.05021373400496667	1.0	2	1	31504166	0.34873525743691675	Long_focal	p	first	Neutral	False	Neutral	0	TWDN-WUR-117-A1
231	16	46603536	90063728	10281	417	0.043674914894124166	1.0	2	1	43460192	0.4810824462192661	Arm	q	last	Neutral	False	Neutral	0	TWDN-WUR-117-A1
232	17	215819	21416681	8879	441	-0.1735399049362163	1.0	1	0	21200862	0.2546422487330592	Long_focal	p	first	ShallowDel	True	ShallowDel	-1	TWDN-WUR-117-A1
233	17	27400000	83085163	19090	926	-0.1698027532332786	1.0	1	0	55685163	0.6688310658022747	Arm	q	last	ShallowDel	True	ShallowDel	-1	TWDN-WUR-117-A1
234	18	203081	13884567	1949	143	0.04356978452455592	1.0	2	1	13681486	0.1702242977875049	Long_focal	p	first	Neutral	False	Neutral	0	TWDN-WUR-117-A1
235	18	21573533	80137309	5277	312	0.04120321185013669	1.0	2	1	58563776	0.7286472862220326	Arm	q	last	Neutral	False	Neutral	0	TWDN-WUR-117-A1
236	19	281360	24127230	16751	951	0.07983043367712413	1.0	2	1	23845870	0.4068038181559617	Arm	p	first	Neutral	False	Neutral	0	TWDN-WUR-117-A1
237	19	29529771	58571238	18531	1000	0.07951279891492839	1.0	2	1	29041467	0.4954392379246539	Arm	q	last	Neutral	False	Neutral	0	TWDN-WUR-117-A1
238	20	187825	25675319	3952	246	0.04854072417966495	1.0	2	1	25487494	0.3954972992357865	Arm	p	first	Neutral	False	Neutral	0	TWDN-WUR-117-A1
239	20	31449980	64273189	8388	372	0.04558044389333705	1.0	2	1	32823209	0.5093278496407596	Arm	q	last	Neutral	False	Neutral	0	TWDN-WUR-117-A1
240	21	14108913	46658699	5638	347	0.04975172748458104	1.0	2	1	32549786	0.6968485944428625	Arm	q	first	Neutral	False	Neutral	0	TWDN-WUR-117-A1
241	22	17400000	50744827	11345	557	0.05416236567375488	1.0	2	1	33344827	0.6561556912734953	Arm	q	first	Neutral	False	Neutral	0	TWDN-WUR-117-A1
242	23	290784	57679344	5128	164	0.05885860730768978	1.0	2	1	57388560	0.36777897230081896	Arm	p	first	Neutral	False	Neutral	0	TWDN-WUR-117-A1
243	23	66021884	156010162	6471	232	0.061095432806025585	1.0	2	1	89988278	0.5766967563214759	Arm	q	last	Neutral	False	Neutral	0	TWDN-WUR-117-A1
244	1	14599	119844497	25667	1248	-0.16619695512836768	1.0	2	1	119829898	0.4813288086217756	Arm	p	first	ShallowDel	False	ShallowDel	-1	TWDN-WUR-120-A1
245	1	145872788	193105241	11022	483	0.011444889570120204	1.0	3	1	47232453	0.1897217698605903	Long_focal	q	regular	Neutral	False	Neutral	0	TWDN-WUR-120-A1
246	1	193105521	248638309	10407	628	0.18174074694507145	1.0	4	1	55532788	0.2230622835670413	Long_focal	q	last	Gain	False	Gain	1	TWDN-WUR-120-A1
247	2	1137681	88784676	11202	467	-0.007389909754139473	1.0	3	1	87646995	0.3618882608544013	Arm	p	first	Neutral	False	Neutral	0	TWDN-WUR-120-A1
248	2	96000000	241239719	20485	1031	0.010530909945926169	1.0	3	1	145239719	0.5996845563945682	Arm	q	last	Neutral	False	Neutral	0	TWDN-WUR-120-A1
249	3	319825	87800000	12424	568	-0.20913385827282688	1.0	2	0	87480175	0.4411605355216251	Arm	p	first	ShallowDel	True	ShallowDel	-1	TWDN-WUR-120-A1
250	3	94000000	197848065	13149	728	0.0074322305683200965	1.0	3	1	103848065	0.5237034330153607	Arm	q	last	Neutral	False	Neutral	0	TWDN-WUR-120-A1
251	4	87223	48167752	6035	321	0.008379488302711477	1.0	3	1	48080529	0.25276997861704115	Long_focal	p	first	Neutral	False	Neutral	0	TWDN-WUR-120-A1
252	4	52597597	189941027	11539	585	-0.0007841309832703352	1.0	3	1	137343430	0.7220447983068383	Arm	q	last	Neutral	False	Neutral	0	TWDN-WUR-120-A1
253	5	171454	43704454	3981	191	0.19998621695407456	1.0	4	2	43533000	0.23980069126916104	Long_focal	p	first	Gain	False	Gain	1	TWDN-WUR-120-A1
254	5	51400000	181059841	16050	758	0.19687313561969927	1.0	4	2	129659841	0.7142287345611263	Arm	q	last	Gain	False	Gain	1	TWDN-WUR-120-A1
255	6	349317	57190556	13114	494	-0.2247467688658812	1.0	2	1	56841239	0.3327824900087368	Long_focal	p	first	ShallowDel	False	ShallowDel	-1	TWDN-WUR-120-A1
256	6	62600000	170583760	11068	591	-0.2365098788646036	1.0	2	1	107983760	0.6322012884572383	Arm	q	last	ShallowDel	False	ShallowDel	-1	TWDN-WUR-120-A1
257	7	246436	57121182	8196	412	0.21126828094588607	1.0	4	2	56874746	0.3569261584037646	Arm	p	first	Gain	False	Gain	1	TWDN-WUR-120-A1
258	7	63291438	100959497	5663	267	0.19271366078244329	1.0	4	2	37668059	0.23639165954950114	Long_focal	q	regular	Gain	False	Gain	1	TWDN-WUR-120-A1
259	7	100959783	100992398	64	15	0.20419046806801008		6	1	32615	0.000204680415739154	Focal	q	regular	Amplification	False	Amplification	2	TWDN-WUR-120-A1
260	7	100993165	159144893	8952	423	0.203719073116696	1.0	4	2	58151728	0.36494005405458224	Arm	q	last	Gain	False	Gain	1	TWDN-WUR-120-A1
261	8	413185	42854468	6583	309	-0.2321755989098801	1.0	2	0	42441283	0.2924189186950882	Long_focal	p	first	ShallowDel	True	ShallowDel	-1	TWDN-WUR-120-A1
262	8	48729906	144889982	9768	482	-0.2220908882111876	1.0	2	0	96160076	0.6625394770831387	Arm	q	last	ShallowDel	True	ShallowDel	-1	TWDN-WUR-120-A1
263	9	14690	41183604	4956	212	-0.2345057541515937	1.0	2	1	41168914	0.29747460663545416	Long_focal	p	first	ShallowDel	False	ShallowDel	-1	TWDN-WUR-120-A1
264	9	62843946	138114424	15309	742	-0.19898721132023564	1.0	2	1	75270478	0.5438825963277196	Arm	q	last	ShallowDel	False	ShallowDel	-1	TWDN-WUR-120-A1
265	10	47663	37219522	4564	242	-0.0033962154804345994	1.0	3	1	37171859	0.2778219374062379	Long_focal	p	first	Neutral	False	Neutral	0	TWDN-WUR-120-A1
266	10	42594517	133626699	13990	754	0.0036328726861684798	1.0	3	1	91032182	0.6803732137679005	Arm	q	last	Neutral	False	Neutral	0	TWDN-WUR-120-A1
267	11	193112	49953379	10630	772	0.02667214947262271	1.0	3	1	49760267	0.3683582153679141	Arm	p	first	Neutral	False	Neutral	0	TWDN-WUR-120-A1
268	11	55800000	134374737	17636	787	0.006830019151913448	1.0	3	1	78574737	0.5816618687822396	Arm	q	last	Neutral	False	Neutral	0	TWDN-WUR-120-A1
269	12	125962	33200000	6257	378	0.1859640296001238	1.0	4	2	33074038	0.2481632813171718	Long_focal	p	first	Gain	False	Gain	1	TWDN-WUR-120-A1
270	12	38317017	40511041	594	76	0.3474314939840964	1.0	5	2	2194024	0.016462344124071774	Focal	q	regular	Amplification	False	Amplification	2	TWDN-WUR-120-A1
271	12	40512271	132859130	17102	715	0.1943418108388039	1.0	4	2	92346859	0.6929029817518563	Arm	q	last	Gain	False	Gain	1	TWDN-WUR-120-A1
272	13	18900000	114325598	8114	363	-0.22036990718013805	1.0	2	1	95425598	0.8344000237556592	Arm	q	first	ShallowDel	False	ShallowDel	-1	TWDN-WUR-120-A1
273	14	19748139	105499035	14204	813	-0.2135939989870945	1.0	2	1	85750896	0.8010829369734709	Arm	q	first	ShallowDel	False	ShallowDel	-1	TWDN-WUR-120-A1
274	15	23364465	101705669	15578	745	0.0005945679321104579	1.0	3	1	78341204	0.7681173713937192	Arm	q	first	Neutral	False	Neutral	0	TWDN-WUR-120-A1
275	16	47354	28595749	10225	455	0.2135815785309919	1.0	4	2	28548395	0.31601636049453863	Long_focal	p	first	Gain	False	Gain	1	TWDN-WUR-120-A1
276	16	28595907	28609990	63	19	0.16452412819356665		5	1	14083	0.00015589172017707432	Focal	p	regular	Amplification	False	Amplification	2	TWDN-WUR-120-A1
277	16	28620039	31915987	1753	82	0.18011153639693872	1.0	4	2	3295948	0.036484485076630525	Long_focal	p	regular	Gain	False	Gain	1	TWDN-WUR-120-A1
278	16	46603536	90075069	10378	510	0.12901683072629702	1.0	4	2	43471533	0.4812079853798517	Arm	q	last	Gain	False	Gain	1	TWDN-WUR-120-A1
279	17	215819	21533320	8950	446	0.00013209566997280834	1.0	3	1	21317501	0.2560431925838316	Long_focal	p	first	Neutral	False	Neutral	0	TWDN-WUR-120-A1
280	17	27582790	83085163	19060	856	0.004678356153449521	1.0	3	1	55502373	0.6666355863615842	Arm	q	last	Neutral	False	Neutral	0	TWDN-WUR-120-A1
281	18	224040	14752958	2005	129	-0.2433005116642548	1.0	2	1	14528918	0.1807680002130061	Long_focal	p	first	ShallowDel	False	ShallowDel	-1	TWDN-WUR-120-A1
282	18	21500000	80159567	5308	274	-0.22724360871203145	1.0	2	1	58659567	0.7298391125857304	Arm	q	last	ShallowDel	False	ShallowDel	-1	TWDN-WUR-120-A1
283	19	288062	21405890	16325	887	-0.21693252788184011	1.0	2	1	21117828	0.36026419088759937	Arm	p	first	ShallowDel	False	ShallowDel	-1	TWDN-WUR-120-A1
284	19	21407834	24127230	568	32	0.1330732914796751	1.0	4	2	2719396	0.04639212894635633	Long_focal	p	regular	Gain	False	Gain	1	TWDN-WUR-120-A1
285	19	29665434	54502956	14773	707	-0.22217909037538824	1.0	2	1	24837522	0.4237211216505291	Arm	q	regular	ShallowDel	False	ShallowDel	-1	TWDN-WUR-120-A1
286	19	54574280	54835213	514	50	0.008247432671207146	1.0	4	1	260933	0.004451443402270061	Focal	q	regular	Gain	False	Gain	1	TWDN-WUR-120-A1
287	19	54853865	58396076	2957	155	-0.2211388608259484	1.0	2	1	3542211	0.060429120829478974	Long_focal	q	last	ShallowDel	False	ShallowDel	-1	TWDN-WUR-120-A1
288	20	157484	25476252	3902	218	0.20029918534000452	1.0	4	2	25318768	0.39287912589513335	Arm	p	first	Gain	False	Gain	1	TWDN-WUR-120-A1
289	20	31390413	64273189	8416	396	0.20845721572432332	1.0	4	2	32882776	0.5102521691373557	Arm	q	last	Gain	False	Gain	1	TWDN-WUR-120-A1
290	21	13951310	46602231	5656	355	0.02071686277320661	1.0	3	1	32650921	0.6990137632891025	Arm	q	first	Neutral	False	Neutral	0	TWDN-WUR-120-A1
291	22	17400000	50744827	11331	694	-0.21279814635017735	1.0	2	1	33344827	0.6561556912734953	Arm	q	first	ShallowDel	False	ShallowDel	-1	TWDN-WUR-120-A1
292	23	1352224	57489006	4906	163	0.005954813776082855	1.0	3	1	56136782	0.3597568573289713	Arm	p	first	Neutral	False	Neutral	0	TWDN-WUR-120-A1
293	23	66040051	154490533	6295	224	0.027018101988104237	1.0	3	1	88450482	0.5668416731395959	Arm	q	last	Neutral	False	Neutral	0	TWDN-WUR-120-A1
294	1	14599	119844497	25441	1234	0.00684480400501145	1.0	3	1	119829898	0.4813288086217756	Arm	p	first	Neutral	False	Neutral	0	TWDN-WUR-120-A2
295	1	145872788	248638309	21197	1097	-0.007020136661105547	1.0	3	1	102765521	0.4127851781224587	Arm	q	last	Neutral	False	Neutral	0	TWDN-WUR-120-A2
296	2	1137681	88784676	11093	460	-0.021001397507434905	1.0	3	1	87646995	0.3618882608544013	Arm	p	first	Neutral	False	Neutral	0	TWDN-WUR-120-A2
297	2	96000000	241239719	20314	1020	0.011010763370346687	1.0	3	1	145239719	0.5996845563945682	Arm	q	last	Neutral	False	Neutral	0	TWDN-WUR-120-A2
298	3	319825	87800000	12256	561	-0.21558850567668175	1.0	2	0	87480175	0.4411605355216251	Arm	p	first	ShallowDel	True	ShallowDel	-1	TWDN-WUR-120-A2
299	3	94000000	197848065	12981	709	-0.03988595019724766	1.0	3	1	103848065	0.5237034330153607	Arm	q	last	Neutral	False	Neutral	0	TWDN-WUR-120-A2
300	4	87223	48167752	5978	314	0.042368189800828585	1.0	3	1	48080529	0.25276997861704115	Long_focal	p	first	Neutral	False	Neutral	0	TWDN-WUR-120-A2
301	4	52597597	189941027	11385	569	-0.030071998538443574	1.0	3	1	137343430	0.7220447983068383	Arm	q	last	Neutral	False	Neutral	0	TWDN-WUR-120-A2
302	5	171454	43704454	3939	190	0.20408018065118333	1.0	4	2	43533000	0.23980069126916104	Long_focal	p	first	Gain	False	Gain	1	TWDN-WUR-120-A2
303	5	51400000	181059841	15940	753	0.1644167048546309	1.0	4	2	129659841	0.7142287345611263	Arm	q	last	Gain	False	Gain	1	TWDN-WUR-120-A2
304	6	349317	57190556	12925	482	-0.21186147920746454	1.0	2	1	56841239	0.3327824900087368	Long_focal	p	first	ShallowDel	False	ShallowDel	-1	TWDN-WUR-120-A2
305	6	62600000	170583760	10878	579	-0.2351152278140988	1.0	2	1	107983760	0.6322012884572383	Arm	q	last	ShallowDel	False	ShallowDel	-1	TWDN-WUR-120-A2
306	7	246436	57121182	8135	406	0.20991145695173985	1.0	4	2	56874746	0.3569261584037646	Arm	p	first	Gain	False	Gain	1	TWDN-WUR-120-A2
307	7	63291438	159144893	14557	701	0.16367946506641315	1.0	4	2	95853455	0.6015430022822101	Arm	q	last	Gain	False	Gain	1	TWDN-WUR-120-A2
308	8	413185	42854468	6553	304	-0.017299353847641762	1.0	3	1	42441283	0.2924189186950882	Long_focal	p	first	Neutral	False	Neutral	0	TWDN-WUR-120-A2
309	8	48729906	144889982	9688	484	0.02267084817337657	1.0	3	1	96160076	0.6625394770831387	Arm	q	last	Neutral	False	Neutral	0	TWDN-WUR-120-A2
310	9	14690	41183604	4879	212	-0.2465681175892024	1.0	2	1	41168914	0.29747460663545416	Long_focal	p	first	ShallowDel	False	ShallowDel	-1	TWDN-WUR-120-A2
311	9	62843946	138114424	15141	734	-0.1599029946015597	1.0	2	1	75270478	0.5438825963277196	Arm	q	last	ShallowDel	False	ShallowDel	-1	TWDN-WUR-120-A2
312	10	47663	37219522	4493	235	-0.031447704283824644	1.0	3	1	37171859	0.2778219374062379	Long_focal	p	first	Neutral	False	Neutral	0	TWDN-WUR-120-A2
313	10	42594517	133626699	13878	743	0.007600158210169775	1.0	3	1	91032182	0.6803732137679005	Arm	q	last	Neutral	False	Neutral	0	TWDN-WUR-120-A2
314	11	280221	3408953	2787	194	0.17817696824259413	1.0	4	2	3128732	0.023160931509561326	Focal	p	first	Gain	False	Gain	1	TWDN-WUR-120-A2
315	11	3639065	49953379	7622	564	-0.019016630599140744	1.0	3	1	46314314	0.3428490054329732	Long_focal	p	regular	Neutral	False	Neutral	0	TWDN-WUR-120-A2
316	11	55800000	134374737	17502	776	-0.003253520809756266	1.0	3	1	78574737	0.5816618687822396	Arm	q	last	Neutral	False	Neutral	0	TWDN-WUR-120-A2
317	12	125962	33200000	6193	374	0.16450974507492436	1.0	4	2	33074038	0.2481632813171718	Long_focal	p	first	Gain	False	Gain	1	TWDN-WUR-120-A2
318	12	38317017	132859130	17547	788	0.16521955289377915	1.0	4	2	94542113	0.7093745548922344	Arm	q	last	Gain	False	Gain	1	TWDN-WUR-120-A2
319	13	18900000	114325598	7984	355	-0.19134844552829305	1.0	2	1	95425598	0.8344000237556592	Arm	q	first	ShallowDel	False	ShallowDel	-1	TWDN-WUR-120-A2
320	14	19748139	105499035	13951	794	-0.1885886518420197	1.0	2	1	85750896	0.8010829369734709	Arm	q	first	ShallowDel	False	ShallowDel	-1	TWDN-WUR-120-A2
321	15	23364465	101705669	15404	729	-0.009358379799128914	1.0	3	1	78341204	0.7681173713937192	Arm	q	first	Neutral	False	Neutral	0	TWDN-WUR-120-A2
322	16	47354	3204972	4621	247	0.3390552245454361	1.0	5	2	3157618	0.03495324161628155	Long_focal	p	first	Amplification	False	Amplification	2	TWDN-WUR-120-A2
323	16	3247073	28595749	5499	202	0.1113558869989238	1.0	4	2	25348676	0.28059708200321803	Long_focal	p	regular	Gain	False	Gain	1	TWDN-WUR-120-A2
324	16	28595907	28609251	56	18	0.14719652922568832		5	1	13344	0.00014771136221280125	Focal	p	regular	Amplification	False	Amplification	2	TWDN-WUR-120-A2
325	16	28609990	31915987	1749	80	0.13729769188704205	1.0	4	2	3305997	0.036595722447649436	Long_focal	p	regular	Gain	False	Gain	1	TWDN-WUR-120-A2
326	16	46603536	90075069	10301	509	0.1997281797615086	1.0	4	2	43471533	0.4812079853798517	Arm	q	last	Gain	False	Gain	1	TWDN-WUR-120-A2
327	17	215819	21533320	8839	440	-0.025680696328851	1.0	3	1	21317501	0.2560431925838316	Long_focal	p	first	Neutral	False	Neutral	0	TWDN-WUR-120-A2
328	17	27582790	83085163	18855	845	-0.0004587722447142246	1.0	3	1	55502373	0.6666355863615842	Arm	q	last	Neutral	False	Neutral	0	TWDN-WUR-120-A2
329	18	225051	14752958	1983	127	-0.2474625980251809	1.0	2	1	14527907	0.1807554214065034	Long_focal	p	first	ShallowDel	False	ShallowDel	-1	TWDN-WUR-120-A2
330	18	21500000	80135800	5207	271	-0.21841108152085129	1.0	2	1	58635800	0.729543404876384	Arm	q	last	ShallowDel	False	ShallowDel	-1	TWDN-WUR-120-A2
331	19	288062	24127230	16745	905	-0.2375203878063944	1.0	2	1	23839168	0.4066894839257877	Arm	p	first	ShallowDel	False	ShallowDel	-1	TWDN-WUR-120-A2
332	19	29674732	54502956	14605	691	-0.2579045445450957	1.0	2	1	24828224	0.4235625003923735	Arm	q	regular	ShallowDel	False	ShallowDel	-1	TWDN-WUR-120-A2
333	19	54574280	54832638	505	50	-0.04261271282355029	1.0	4	1	258358	0.004407514628367008	Focal	q	regular	Gain	False	Gain	1	TWDN-WUR-120-A2
334	19	54853865	58396076	2907	155	-0.2683696639741793	1.0	2	1	3542211	0.060429120829478974	Long_focal	q	last	ShallowDel	False	ShallowDel	-1	TWDN-WUR-120-A2
335	20	157484	25476252	3891	214	0.18120440199760998	1.0	4	2	25318768	0.39287912589513335	Arm	p	first	Gain	False	Gain	1	TWDN-WUR-120-A2
336	20	31390413	60069940	6190	252	0.15214284038472145	1.0	4	2	28679527	0.44502905903027656	Arm	q	regular	Gain	False	Gain	1	TWDN-WUR-120-A2
337	20	61252608	64273189	2141	139	0.3792174714622247	1.0	5	2	3020581	0.046871286271727285	Long_focal	q	last	Amplification	False	Amplification	2	TWDN-WUR-120-A2
338	21	13951310	46602231	5612	352	0.06946326991725281	1.0	3	1	32650921	0.6990137632891025	Arm	q	first	Neutral	False	Neutral	0	TWDN-WUR-120-A2
339	22	17400000	50744827	11179	684	-0.1895212231853648	1.0	2	1	33344827	0.6561556912734953	Arm	q	first	ShallowDel	False	ShallowDel	-1	TWDN-WUR-120-A2
340	23	1352224	57489006	4855	160	-0.04546064346007355	1.0	3	1	56136782	0.3597568573289713	Arm	p	first	Neutral	False	Neutral	0	TWDN-WUR-120-A2
341	23	66040051	154462105	6137	218	-0.003944473492619111	1.0	3	1	88422054	0.5666594901291742	Arm	q	last	Neutral	False	Neutral	0	TWDN-WUR-120-A2
342	1	15820	119844497	25362	1207	-0.012708452440651058	1.0	3	1	119828677	0.4813239041489759	Arm	p	first	Neutral	False	Neutral	0	TWDN-WUR-120-A3
343	1	145872788	248638309	21043	1060	-0.009435231144984738	1.0	3	1	102765521	0.4127851781224587	Arm	q	last	Neutral	False	Neutral	0	TWDN-WUR-120-A3
344	2	1137681	88784676	10969	449	-0.01938222099978676	1.0	3	1	87646995	0.3618882608544013	Arm	p	first	Neutral	False	Neutral	0	TWDN-WUR-120-A3
345	2	96000000	241239719	20154	984	-0.00800893701248245	1.0	3	1	145239719	0.5996845563945682	Arm	q	last	Neutral	False	Neutral	0	TWDN-WUR-120-A3
346	3	319825	87800000	12174	546	-0.1739965641629177	1.0	2	0	87480175	0.4411605355216251	Arm	p	first	ShallowDel	True	ShallowDel	-1	TWDN-WUR-120-A3
347	3	94000000	197848065	12763	676	-0.056301513919629995	1.0	3	1	103848065	0.5237034330153607	Arm	q	last	Neutral	False	Neutral	0	TWDN-WUR-120-A3
348	4	87223	48167752	5931	313	-0.029745851159226133	1.0	3	1	48080529	0.25276997861704115	Long_focal	p	first	Neutral	False	Neutral	0	TWDN-WUR-120-A3
349	4	52597597	189941027	11161	538	-0.02605379742039772	1.0	3	1	137343430	0.7220447983068383	Arm	q	last	Neutral	False	Neutral	0	TWDN-WUR-120-A3
350	5	171454	43704454	3929	185	0.1055615879205494	1.0	4	2	43533000	0.23980069126916104	Long_focal	p	first	Gain	False	Gain	1	TWDN-WUR-120-A3
351	5	51400000	181059841	15865	734	0.11989338388950906	1.0	4	2	129659841	0.7142287345611263	Arm	q	last	Gain	False	Gain	1	TWDN-WUR-120-A3
352	6	349317	57190556	12785	462	-0.17229278123749267	1.0	2	1	56841239	0.3327824900087368	Long_focal	p	first	ShallowDel	False	ShallowDel	-1	TWDN-WUR-120-A3
353	6	62600000	170583760	10623	556	-0.19066136405608508	1.0	2	1	107983760	0.6322012884572383	Arm	q	last	ShallowDel	False	ShallowDel	-1	TWDN-WUR-120-A3
354	7	246436	57121182	8112	405	0.13749990995747366	1.0	4	2	56874746	0.3569261584037646	Arm	p	first	Gain	False	Gain	1	TWDN-WUR-120-A3
355	7	63291438	159144893	14537	688	0.1334964752785007	1.0	4	2	95853455	0.6015430022822101	Arm	q	last	Gain	False	Gain	1	TWDN-WUR-120-A3
356	8	413185	42854468	6410	292	-0.1655125898682646	1.0	2	0	42441283	0.2924189186950882	Long_focal	p	first	ShallowDel	True	ShallowDel	-1	TWDN-WUR-120-A3
357	8	48729906	144889982	9480	455	-0.16136025804661402	1.0	2	0	96160076	0.6625394770831387	Arm	q	last	ShallowDel	True	ShallowDel	-1	TWDN-WUR-120-A3
358	9	14690	41183604	4803	205	-0.17326069464892446	1.0	2	1	41168914	0.29747460663545416	Long_focal	p	first	ShallowDel	False	ShallowDel	-1	TWDN-WUR-120-A3
359	9	62843946	138114424	15048	716	-0.15962189934854515	1.0	2	1	75270478	0.5438825963277196	Arm	q	last	ShallowDel	False	ShallowDel	-1	TWDN-WUR-120-A3
360	10	47663	37219522	4448	233	-0.020229370021563896	1.0	3	1	37171859	0.2778219374062379	Long_focal	p	first	Neutral	False	Neutral	0	TWDN-WUR-120-A3
361	10	42594517	133626699	13738	724	-0.013071609818268477	1.0	3	1	91032182	0.6803732137679005	Arm	q	last	Neutral	False	Neutral	0	TWDN-WUR-120-A3
362	11	193112	49953379	10516	750	-0.007195908265744087	1.0	3	1	49760267	0.3683582153679141	Arm	p	first	Neutral	False	Neutral	0	TWDN-WUR-120-A3
363	11	55800000	134374737	17472	752	-0.0146916525142431	1.0	3	1	78574737	0.5816618687822396	Arm	q	last	Neutral	False	Neutral	0	TWDN-WUR-120-A3
364	12	125962	33200000	6151	359	0.12266554059660005	1.0	4	2	33074038	0.2481632813171718	Long_focal	p	first	Gain	False	Gain	1	TWDN-WUR-120-A3
365	12	38317017	132859130	17560	769	0.13123445564512484	1.0	4	2	94542113	0.7093745548922344	Arm	q	last	Gain	False	Gain	1	TWDN-WUR-120-A3
366	13	18900000	114325598	7792	336	-0.1703918258071599	1.0	2	1	95425598	0.8344000237556592	Arm	q	first	ShallowDel	False	ShallowDel	-1	TWDN-WUR-120-A3
367	14	19748139	105499035	13780	765	-0.1652393414856749	1.0	2	1	85750896	0.8010829369734709	Arm	q	first	ShallowDel	False	ShallowDel	-1	TWDN-WUR-120-A3
368	15	23364465	101705669	15305	718	-0.01990573792548462	1.0	3	1	78341204	0.7681173713937192	Arm	q	first	Neutral	False	Neutral	0	TWDN-WUR-120-A3
369	16	47354	31915987	12038	550	0.14275886760053771	1.0	4	2	31868633	0.35276972364282305	Arm	p	first	Gain	False	Gain	1	TWDN-WUR-120-A3
370	16	46603536	90075069	10297	504	0.1442389013143428	1.0	4	2	43471533	0.4812079853798517	Arm	q	last	Gain	False	Gain	1	TWDN-WUR-120-A3
371	17	215819	21533320	8876	441	-0.015913917858496426	1.0	3	1	21317501	0.2560431925838316	Long_focal	p	first	Neutral	False	Neutral	0	TWDN-WUR-120-A3
372	17	27582790	83085163	18894	834	-0.01694349110368619	1.0	3	1	55502373	0.6666355863615842	Arm	q	last	Neutral	False	Neutral	0	TWDN-WUR-120-A3
373	18	225051	14752958	1969	127	-0.18546876773060245	1.0	2	1	14527907	0.1807554214065034	Long_focal	p	first	ShallowDel	False	ShallowDel	-1	TWDN-WUR-120-A3
374	18	21500000	80135800	5121	256	-0.19320300156149905	1.0	2	1	58635800	0.729543404876384	Arm	q	last	ShallowDel	False	ShallowDel	-1	TWDN-WUR-120-A3
375	19	288062	24127230	16756	892	-0.14690977536319072	1.0	2	1	23839168	0.4066894839257877	Arm	p	first	ShallowDel	False	ShallowDel	-1	TWDN-WUR-120-A3
376	19	29665434	54502956	14671	694	-0.16253175906513873	1.0	2	1	24837522	0.4237211216505291	Arm	q	regular	ShallowDel	False	ShallowDel	-1	TWDN-WUR-120-A3
377	19	54574280	54835213	512	51	0.036719524503246684	1.0	5	1	260933	0.004451443402270061	Focal	q	regular	Amplification	False	Amplification	2	TWDN-WUR-120-A3
378	19	54853865	58396076	2909	150	-0.1691276721162992	1.0	2	1	3542211	0.060429120829478974	Long_focal	q	last	ShallowDel	False	ShallowDel	-1	TWDN-WUR-120-A3
379	20	157484	25476252	3859	209	0.13916528281923182	1.0	4	2	25318768	0.39287912589513335	Arm	p	first	Gain	False	Gain	1	TWDN-WUR-120-A3
380	20	31390413	64273189	8391	388	0.1372979785783677	1.0	4	2	32882776	0.5102521691373557	Arm	q	last	Gain	False	Gain	1	TWDN-WUR-120-A3
381	21	14546393	46602231	5559	350	-0.007768575129794783	1.0	3	1	32055838	0.6862738100332856	Arm	q	first	Neutral	False	Neutral	0	TWDN-WUR-120-A3
382	22	17400000	50744827	11175	672	-0.16034134109667866	1.0	2	1	33344827	0.6561556912734953	Arm	q	first	ShallowDel	False	ShallowDel	-1	TWDN-WUR-120-A3
383	23	1352224	57489006	4839	159	-0.011420544006203893	1.0	3	1	56136782	0.3597568573289713	Arm	p	first	Neutral	False	Neutral	0	TWDN-WUR-120-A3
384	23	66040051	154462105	6098	210	0.0010622416649816316	1.0	3	1	88422054	0.5666594901291742	Arm	q	last	Neutral	False	Neutral	0	TWDN-WUR-120-A3
